,address,comment_num,detail,detail_url,image_num,indoor_floor,lat,lng,name,overall_rating,price,street_id,tag,telephone,type,uid
0,上海市崇明岛的中北部,1449,1,http://api.map.baidu.com/place/detail?uid=6ed3083ac0c768ae2a3a9fbf&output=html&source=placeapi_v2,,,31.681690259169,121.48806174842,东平国家森林公园,3.7,20,6ed3083ac0c768ae2a3a9fbf,旅游景点;风景区,4000215010,scope,6ed3083ac0c768ae2a3a9fbf
0,上海市黄浦区方浜中路249号,6473,1,http://api.map.baidu.com/place/detail?uid=33c3d820f455cd9e2c4733ab&output=html&source=placeapi_v2,,,31.231019051608,121.49923157916,上海城隍庙,3.9,215,33c3d820f455cd9e2c4733ab,旅游景点;文物古迹,,scope,33c3d820f455cd9e2c4733ab
0,上海市浦东新区宣桥镇南六公路178号,4427,1,http://api.map.baidu.com/place/detail?uid=c7fb04bd1eba3c14fb0cad8b&output=html&source=placeapi_v2,,,31.060063048568,121.72120477868,上海野生动物园,4.7,65,c7fb04bd1eba3c14fb0cad8b,旅游景点;动物园,(021)61180000,scope,c7fb04bd1eba3c14fb0cad8b
0,上海市松江区佘山旅游度假区林湖路888号,5791,1,http://api.map.baidu.com/place/detail?uid=cac5fc76735bee8d2cb96d1c&output=html&source=placeapi_v2,,,31.096846617217,121.22632303341,上海欢乐谷,4.3,20,cac5fc76735bee8d2cb96d1c,旅游景点;游乐园,,scope,cac5fc76735bee8d2cb96d1c
0,浦东新区世纪大道2000号(近二号线上海科技馆站),3983,1,http://api.map.baidu.com/place/detail?uid=aaaaf39ee7871286f60e7711&output=html&source=placeapi_v2,,,31.223491689368,121.5479233454,上海科技馆,3.5,30,aaaaf39ee7871286f60e7711,旅游景点;风景区,,scope,aaaaf39ee7871286f60e7711
0,黄浦区人民大道201号(近武胜路),2687,1,http://api.map.baidu.com/place/detail?uid=1020060fde6aada71994c6ab&output=html&source=placeapi_v2,,,31.234084014716,121.48322736999,上海博物馆,4.5,,1020060fde6aada71994c6ab,旅游景点;博物馆,,scope,1020060fde6aada71994c6ab
0,上海市浦东新区芳甸路666号,6078,1,http://api.map.baidu.com/place/detail?uid=9db9d6f6cbf3ef0433169b45&output=html&source=placeapi_v2,,,31.223352546141,121.55356094818,世纪公园,4.5,10,9db9d6f6cbf3ef0433169b45,旅游景点;公园,021-58337122,scope,9db9d6f6cbf3ef0433169b45
0,上海市杨浦区军工路2000号,5032,1,http://api.map.baidu.com/place/detail?uid=449eb70004746dd826d2bb7a&output=html&source=placeapi_v2,,,31.326943920783,121.5518089542,共青国家森林公园,4.4,,449eb70004746dd826d2bb7a,旅游景点;风景区,,scope,449eb70004746dd826d2bb7a
0,上海市青浦区上海青浦区朱家角北大街,0,1,http://api.map.baidu.com/place/detail?uid=15a93810b2e2c2a414c8f61d&output=html&source=placeapi_v2,,,31.120424287208,121.06034321506,上海朱家角古镇旅游区,3.8,30,15a93810b2e2c2a414c8f61d,旅游景点;风景区,,scope,15a93810b2e2c2a414c8f61d
0,上海闵行区沈杜公路2059号,1013,1,http://api.map.baidu.com/place/detail?uid=d6df91c107ca2d69f7b91645&output=html&source=placeapi_v2,,,31.081032674289,121.55486582587,召稼楼古镇,3.9,,d6df91c107ca2d69f7b91645,旅游景点;其他,,scope,d6df91c107ca2d69f7b91645
0,沪杭公路7555号,1912,1,http://api.map.baidu.com/place/detail?uid=00f1c7fbd6ceee1cc056ac6f&output=html&source=placeapi_v2,,,30.714535786046,121.35439197065,金山城市沙滩,3.3,,00f1c7fbd6ceee1cc056ac6f,旅游景点;海滨浴场,,scope,00f1c7fbd6ceee1cc056ac6f
0,佘山塔弄口外青松公路9142号,2007,1,http://api.map.baidu.com/place/detail?uid=4ca39043147ca950d8d89160&output=html&source=placeapi_v2,,,31.101347986576,121.20295693481,佘山国家森林公园,4.6,,4ca39043147ca950d8d89160,旅游景点;风景区,,scope,4ca39043147ca950d8d89160
0,金山区枫泾镇亭枫公路8588弄18号,1016,1,http://api.map.baidu.com/place/detail?uid=33fbfa83f95563c00bf5eb29&output=html&source=placeapi_v2,,,30.889723949651,121.02178707302,枫泾古镇,4.2,50,33fbfa83f95563c00bf5eb29,旅游景点;其他,,scope,33fbfa83f95563c00bf5eb29
0,虹梅路201号,5646,1,http://api.map.baidu.com/place/detail?uid=60cc6ea386fb300c1d1d1199&output=html&source=placeapi_v2,,,31.147760427858,121.41738686713,锦江乐园,4.2,60,60cc6ea386fb300c1d1d1199,旅游景点;游乐园,,scope,60cc6ea386fb300c1d1d1199
0,上海市虹口区甜爱路200号,380,1,http://api.map.baidu.com/place/detail?uid=df6b803ba3f092bd471a32bb&output=html&source=placeapi_v2,,,31.27511223892,121.49086878785,鲁迅纪念馆,4.6,,df6b803ba3f092bd471a32bb,旅游景点;文物古迹,,scope,df6b803ba3f092bd471a32bb
0,上海市嘉定区古猗园路125弄29-402,2138,1,http://api.map.baidu.com/place/detail?uid=060f5e53e615ddce091cc7e9&output=html&source=placeapi_v2,,,31.296429129422,121.3222050069,古猗园,4.3,20,060f5e53e615ddce091cc7e9,旅游景点;风景区,,scope,060f5e53e615ddce091cc7e9
0,上海市长宁区虹桥路2381号,476,1,http://api.map.baidu.com/place/detail?uid=99286df9b2afe3c9fa0cadd9&output=html&source=placeapi_v2,,,31.196073971886,121.37483009544,上海动物园,3.3,40,99286df9b2afe3c9fa0cadd9,旅游景点;动物园,,scope,99286df9b2afe3c9fa0cadd9
0,堡湖路588号,219,1,http://api.map.baidu.com/place/detail?uid=31f9101b046ccdc726e0a064&output=html&source=placeapi_v2,,,31.7334397389,121.24598077506,西沙国家湿地公园,4.5,,31f9101b046ccdc726e0a064,旅游景点;风景区,021-39633635,scope,31f9101b046ccdc726e0a064
0,上海市宝山区顾村镇沪太路4788号,2963,1,http://api.map.baidu.com/place/detail?uid=befdb292c733c89c87154106&output=html&source=placeapi_v2,,,31.352080778771,121.38902648364,顾村公园,4.3,20,befdb292c733c89c87154106,旅游景点;风景区,,scope,befdb292c733c89c87154106
0,上海市普陀区大渡河路451号,2906,1,http://api.map.baidu.com/place/detail?uid=5c2dc21d52f351796ec02c85&output=html&source=placeapi_v2,,,31.22699892337,121.40442101016,长风公园,4.3,,5c2dc21d52f351796ec02c85,旅游景点;公园,,scope,5c2dc21d52f351796ec02c85
0,上海市崇明岛的中北部,1449,1,http://api.map.baidu.com/place/detail?uid=6ed3083ac0c768ae2a3a9fbf&output=html&source=placeapi_v2,,,31.681690259169,121.48806174842,东平国家森林公园,3.7,20,6ed3083ac0c768ae2a3a9fbf,旅游景点;风景区,4000215010,scope,6ed3083ac0c768ae2a3a9fbf
0,上海市黄浦区方浜中路249号,6473,1,http://api.map.baidu.com/place/detail?uid=33c3d820f455cd9e2c4733ab&output=html&source=placeapi_v2,,,31.231019051608,121.49923157916,上海城隍庙,3.9,215,33c3d820f455cd9e2c4733ab,旅游景点;文物古迹,,scope,33c3d820f455cd9e2c4733ab
0,上海市浦东新区宣桥镇南六公路178号,4427,1,http://api.map.baidu.com/place/detail?uid=c7fb04bd1eba3c14fb0cad8b&output=html&source=placeapi_v2,,,31.060063048568,121.72120477868,上海野生动物园,4.7,65,c7fb04bd1eba3c14fb0cad8b,旅游景点;动物园,(021)61180000,scope,c7fb04bd1eba3c14fb0cad8b
0,上海市松江区佘山旅游度假区林湖路888号,5791,1,http://api.map.baidu.com/place/detail?uid=cac5fc76735bee8d2cb96d1c&output=html&source=placeapi_v2,,,31.096846617217,121.22632303341,上海欢乐谷,4.3,20,cac5fc76735bee8d2cb96d1c,旅游景点;游乐园,,scope,cac5fc76735bee8d2cb96d1c
0,浦东新区世纪大道2000号(近二号线上海科技馆站),3983,1,http://api.map.baidu.com/place/detail?uid=aaaaf39ee7871286f60e7711&output=html&source=placeapi_v2,,,31.223491689368,121.5479233454,上海科技馆,3.5,30,aaaaf39ee7871286f60e7711,旅游景点;风景区,,scope,aaaaf39ee7871286f60e7711
0,黄浦区人民大道201号(近武胜路),2687,1,http://api.map.baidu.com/place/detail?uid=1020060fde6aada71994c6ab&output=html&source=placeapi_v2,,,31.234084014716,121.48322736999,上海博物馆,4.5,,1020060fde6aada71994c6ab,旅游景点;博物馆,,scope,1020060fde6aada71994c6ab
0,上海市浦东新区芳甸路666号,6078,1,http://api.map.baidu.com/place/detail?uid=9db9d6f6cbf3ef0433169b45&output=html&source=placeapi_v2,,,31.223352546141,121.55356094818,世纪公园,4.5,10,9db9d6f6cbf3ef0433169b45,旅游景点;公园,021-58337122,scope,9db9d6f6cbf3ef0433169b45
0,上海市杨浦区军工路2000号,5032,1,http://api.map.baidu.com/place/detail?uid=449eb70004746dd826d2bb7a&output=html&source=placeapi_v2,,,31.326943920783,121.5518089542,共青国家森林公园,4.4,,449eb70004746dd826d2bb7a,旅游景点;风景区,,scope,449eb70004746dd826d2bb7a
0,上海市青浦区上海青浦区朱家角北大街,0,1,http://api.map.baidu.com/place/detail?uid=15a93810b2e2c2a414c8f61d&output=html&source=placeapi_v2,,,31.120424287208,121.06034321506,上海朱家角古镇旅游区,3.8,30,15a93810b2e2c2a414c8f61d,旅游景点;风景区,,scope,15a93810b2e2c2a414c8f61d
0,上海闵行区沈杜公路2059号,1013,1,http://api.map.baidu.com/place/detail?uid=d6df91c107ca2d69f7b91645&output=html&source=placeapi_v2,,,31.081032674289,121.55486582587,召稼楼古镇,3.9,,d6df91c107ca2d69f7b91645,旅游景点;其他,,scope,d6df91c107ca2d69f7b91645
0,沪杭公路7555号,1912,1,http://api.map.baidu.com/place/detail?uid=00f1c7fbd6ceee1cc056ac6f&output=html&source=placeapi_v2,,,30.714535786046,121.35439197065,金山城市沙滩,3.3,,00f1c7fbd6ceee1cc056ac6f,旅游景点;海滨浴场,,scope,00f1c7fbd6ceee1cc056ac6f
0,佘山塔弄口外青松公路9142号,2007,1,http://api.map.baidu.com/place/detail?uid=4ca39043147ca950d8d89160&output=html&source=placeapi_v2,,,31.101347986576,121.20295693481,佘山国家森林公园,4.6,,4ca39043147ca950d8d89160,旅游景点;风景区,,scope,4ca39043147ca950d8d89160
0,金山区枫泾镇亭枫公路8588弄18号,1016,1,http://api.map.baidu.com/place/detail?uid=33fbfa83f95563c00bf5eb29&output=html&source=placeapi_v2,,,30.889723949651,121.02178707302,枫泾古镇,4.2,50,33fbfa83f95563c00bf5eb29,旅游景点;其他,,scope,33fbfa83f95563c00bf5eb29
0,虹梅路201号,5646,1,http://api.map.baidu.com/place/detail?uid=60cc6ea386fb300c1d1d1199&output=html&source=placeapi_v2,,,31.147760427858,121.41738686713,锦江乐园,4.2,60,60cc6ea386fb300c1d1d1199,旅游景点;游乐园,,scope,60cc6ea386fb300c1d1d1199
0,上海市虹口区甜爱路200号,380,1,http://api.map.baidu.com/place/detail?uid=df6b803ba3f092bd471a32bb&output=html&source=placeapi_v2,,,31.27511223892,121.49086878785,鲁迅纪念馆,4.6,,df6b803ba3f092bd471a32bb,旅游景点;文物古迹,,scope,df6b803ba3f092bd471a32bb
0,上海市嘉定区古猗园路125弄29-402,2138,1,http://api.map.baidu.com/place/detail?uid=060f5e53e615ddce091cc7e9&output=html&source=placeapi_v2,,,31.296429129422,121.3222050069,古猗园,4.3,20,060f5e53e615ddce091cc7e9,旅游景点;风景区,,scope,060f5e53e615ddce091cc7e9
0,上海市长宁区虹桥路2381号,476,1,http://api.map.baidu.com/place/detail?uid=99286df9b2afe3c9fa0cadd9&output=html&source=placeapi_v2,,,31.196073971886,121.37483009544,上海动物园,3.3,40,99286df9b2afe3c9fa0cadd9,旅游景点;动物园,,scope,99286df9b2afe3c9fa0cadd9
0,堡湖路588号,219,1,http://api.map.baidu.com/place/detail?uid=31f9101b046ccdc726e0a064&output=html&source=placeapi_v2,,,31.7334397389,121.24598077506,西沙国家湿地公园,4.5,,31f9101b046ccdc726e0a064,旅游景点;风景区,021-39633635,scope,31f9101b046ccdc726e0a064
0,上海市宝山区顾村镇沪太路4788号,2963,1,http://api.map.baidu.com/place/detail?uid=befdb292c733c89c87154106&output=html&source=placeapi_v2,,,31.352080778771,121.38902648364,顾村公园,4.3,20,befdb292c733c89c87154106,旅游景点;风景区,,scope,befdb292c733c89c87154106
0,上海市普陀区大渡河路451号,2906,1,http://api.map.baidu.com/place/detail?uid=5c2dc21d52f351796ec02c85&output=html&source=placeapi_v2,,,31.22699892337,121.40442101016,长风公园,4.3,,5c2dc21d52f351796ec02c85,旅游景点;公园,,scope,5c2dc21d52f351796ec02c85
0,上海市嘉定区沙霞路68号,277,1,http://api.map.baidu.com/place/detail?uid=41572e00eab1e7cab45f1e73&output=html&source=placeapi_v2,,,31.389597805341,121.25606832104,州桥老街,4,,41572e00eab1e7cab45f1e73,旅游景点;风景区,,scope,41572e00eab1e7cab45f1e73
0,上海市嘉定区南翔镇解放街206号,97,1,http://api.map.baidu.com/place/detail?uid=c504c2c0517d2ab76d20b930&output=html&source=placeapi_v2,,,31.29702708784,121.31466375999,南翔老街,4.1,30,c504c2c0517d2ab76d20b930,旅游景点;风景区,(021)59125503,scope,c504c2c0517d2ab76d20b930
0,上海黄浦区南京西路2-68号新世界城10楼（近西藏中路）,0,1,http://api.map.baidu.com/place/detail?uid=3c0ea7c5edd9129dfaf0cbab&output=html&source=placeapi_v2,,F10,31.240844817648,121.47904704781,上海杜莎夫人蜡像馆(南京西路),2.6,70,3c0ea7c5edd9129dfaf0cbab,文化传媒;展览馆,(021)63587878,scope,3c0ea7c5edd9129dfaf0cbab
0,徐汇区龙吴路1111号(近百色路),3267,1,http://api.map.baidu.com/place/detail?uid=4ea3f2f1ebeb76d6afcb668c&output=html&source=placeapi_v2,,,31.156797753724,121.45672473799,上海植物园,4.2,20,4ea3f2f1ebeb76d6afcb668c,旅游景点;植物园,,scope,4ea3f2f1ebeb76d6afcb668c
0,沪青平公路6888号,0,1,http://api.map.baidu.com/place/detail?uid=d6df91c125830f73f6b916e8&output=html&source=placeapi_v2,,,31.103931640565,121.0139403672,东方绿舟,4,20,d6df91c125830f73f6b916e8,旅游景点;风景区,,scope,d6df91c125830f73f6b916e8
0,上海市松江区辰花公路3888号,2687,1,http://api.map.baidu.com/place/detail?uid=15e1e85e8dc29bdc581093fa&output=html&source=placeapi_v2,,,31.075820850443,121.184411,辰山植物园,4.7,60,15e1e85e8dc29bdc581093fa,旅游景点;植物园,,scope,15e1e85e8dc29bdc581093fa
0,塘后路206号,1333,1,http://api.map.baidu.com/place/detail?uid=a1418eb42b6e557cebe582d3&output=html&source=placeapi_v2,,,31.398847995466,121.51274835297,吴淞炮台湾湿地森林公园(塘后路),4.3,,a1418eb42b6e557cebe582d3,旅游景点;风景区,,scope,a1418eb42b6e557cebe582d3
0,近郊奉贤区随塘河路1677号五四社区内(近星火开发区),722,1,http://api.map.baidu.com/place/detail?uid=637df60a615d7d0c40afe62f&output=html&source=placeapi_v2,,,30.872922521559,121.68410209045,上海海湾国家森林公园,3.7,80,637df60a615d7d0c40afe62f,旅游景点;公园,,scope,637df60a615d7d0c40afe62f
0,上海市黄浦区安仁街,0,1,http://api.map.baidu.com/place/detail?uid=606289fda2cbca54a2046453&output=html&source=placeapi_v2,,,31.233495896682,121.4989945873,豫园,3.5,30,606289fda2cbca54a2046453,旅游景点;风景区,,scope,606289fda2cbca54a2046453
0,"上海市淀山湖风景区在上海青浦县西,邻接江苏省",262,1,http://api.map.baidu.com/place/detail?uid=6ed3083aeab236b42b3a9f5a&output=html&source=placeapi_v2,,,31.07566751399,120.93904558888,淀山湖,4.4,,,自然地物;水系,,scope,6ed3083aeab236b42b3a9f5a
0,上海市大渡河路451号长风公园4号门内,0,1,http://api.map.baidu.com/place/detail?uid=6597f4a9373a87a7430245c3&output=html&source=placeapi_v2,,,31.22699892337,121.40442101016,长风海洋世界,4,60,6597f4a9373a87a7430245c3,旅游景点;水族馆,,scope,6597f4a9373a87a7430245c3
0,上海市青浦区金商公路701号,485,1,http://api.map.baidu.com/place/detail?uid=b8a1e4c76ff3e2c828b97c5e&output=html&source=placeapi_v2,,,31.079443,120.916331,上海大观园,4.5,,cdef4edf0464a45728d7abdd,旅游景点;风景区,,scope,b8a1e4c76ff3e2c828b97c5e
0,海涵路6号,124,1,http://api.map.baidu.com/place/detail?uid=fa28d06e9b3307eedeee8b1c&output=html&source=placeapi_v2,,,30.826031352419,121.55750345836,碧海金沙,2.2,15,fa28d06e9b3307eedeee8b1c,旅游景点;风景区,,scope,fa28d06e9b3307eedeee8b1c
0,浦东新区申港大道197号,332,1,http://api.map.baidu.com/place/detail?uid=09185c560b5cc720f1193711&output=html&source=placeapi_v2,,,30.90363843569,121.92509628572,中国航海博物馆,4.5,10,09185c560b5cc720f1193711,旅游景点;博物馆,,scope,09185c560b5cc720f1193711
0,人民大道100号(近西藏中路),584,1,http://api.map.baidu.com/place/detail?uid=5c60d34efdcf5868ee74f879&output=html&source=placeapi_v2,,,31.236843155542,121.48205600386,上海城市规划展示馆,4.5,30,5c60d34efdcf5868ee74f879,文化传媒;展览馆,,scope,5c60d34efdcf5868ee74f879
0,上海市青浦区朱枫公路3516号,139,1,http://api.map.baidu.com/place/detail?uid=bcaebff88058a155c8e33cbf&output=html&source=placeapi_v2,,,31.012059252158,121.05077947462,陈云故居暨青浦革命历史纪念馆,4,,bcaebff88058a155c8e33cbf,旅游景点;文物古迹,,scope,bcaebff88058a155c8e33cbf
0,世纪大道100号环球金融中心,3670,1,http://api.map.baidu.com/place/detail?uid=a3e8341c6a70a5964afd3f30&output=html&source=placeapi_v2,,,31.239852155602,121.51341970923,上海环球金融中心-观光厅,4.3,90,a3e8341c6a70a5964afd3f30,旅游景点;风景区,,scope,a3e8341c6a70a5964afd3f30
0,上海市金山区朱泾镇东林街150号,14,1,http://api.map.baidu.com/place/detail?uid=7fd72311abaa059e5cbe862b&output=html&source=placeapi_v2,,,30.899771720584,121.17219795973,东林禅寺,4,30,7fd72311abaa059e5cbe862b,旅游景点;文物古迹,021-57314019,scope,7fd72311abaa059e5cbe862b
0,上海市嘉定区大治路29号,707,1,http://api.map.baidu.com/place/detail?uid=013203b3f95a250b32f71d19&output=html&source=placeapi_v2,,,31.387407992828,121.32201826356,马陆葡萄主题公园,4.2,,2dbbc142df8b85f6fb2d6187,旅游景点;风景区,,scope,013203b3f95a250b32f71d19
0,徐汇区淮海中路1843号(淮海中路余庆路),291,1,http://api.map.baidu.com/place/detail?uid=bb91284b06e2bafaa6da39c8&output=html&source=placeapi_v2,,,31.210746395226,121.44505602699,宋庆龄故居,4.5,20,bb91284b06e2bafaa6da39c8,旅游景点;文物古迹,,scope,bb91284b06e2bafaa6da39c8
0,虹口区天宝路891号,1522,1,http://api.map.baidu.com/place/detail?uid=79cceb364ab169881e580032&output=html&source=placeapi_v2,,,31.276160376078,121.51303437569,和平公园,4.3,,79cceb364ab169881e580032,旅游景点;公园,,scope,79cceb364ab169881e580032
0,上海市奉贤区青村镇钱桥社区朱蒋村沿钱公路5599号,150,1,http://api.map.baidu.com/place/detail?uid=d24e48ebfe5d59adaeee7af6&output=html&source=placeapi_v2,,,30.896913062102,121.58021453234,奉贤申隆生态园,4,30,d24e48ebfe5d59adaeee7af6,旅游景点;其他,,scope,d24e48ebfe5d59adaeee7af6
0,蒲西路166号-1临,33,1,http://api.map.baidu.com/place/detail?uid=3c7205b2d53e915ef33cba5a&output=html&source=placeapi_v2,,,31.196904783706,121.44322251807,徐家汇源,4.1,0,3c7205b2d53e915ef33cba5a,旅游景点;风景区,,scope,3c7205b2d53e915ef33cba5a
0,上海市青浦区朱家角镇沈巷沈太路2588号,24,1,http://api.map.baidu.com/place/detail?uid=da63038f884c5f7979dbd27b&output=html&source=placeapi_v2,,,31.0413984181,121.09661323606,太阳岛国际旅游度假区,4.5,,,旅游景点;风景区,,scope,da63038f884c5f7979dbd27b
0,浦东新区华夏东路6015号(近浦东国际机场),580,1,http://api.map.baidu.com/place/detail?uid=6835e3a7fe849957e3110361&output=html&source=placeapi_v2,,,31.21809714436,121.77673734798,三甲港海滨乐园,1,80,6835e3a7fe849957e3110361,旅游景点;海滨浴场,,scope,6835e3a7fe849957e3110361
0,上海市闵行区南大街14号,6209,1,http://api.map.baidu.com/place/detail?uid=5508504d4a6dd7d2c7f0257e&output=html&source=placeapi_v2,,,31.160438185655,121.36064373773,七宝老街,3.8,,5508504d4a6dd7d2c7f0257e,旅游景点;风景区,,scope,5508504d4a6dd7d2c7f0257e
0,马陆镇大治路29号,1,1,http://api.map.baidu.com/place/detail?uid=4f91de7d0fa2330c1e5800de&output=html&source=placeapi_v2,,,31.392492830969,121.31573801032,上海马陆葡萄艺术村,4,,4f91de7d0fa2330c1e5800de,旅游景点;风景区,,scope,4f91de7d0fa2330c1e5800de
0,浦东新区世纪大道88号金茂大厦88楼,992,1,http://api.map.baidu.com/place/detail?uid=eb1e50257688ed6972210b93&output=html&source=placeapi_v2,,,31.240391870302,121.51145947546,上海金茂大厦-八十八层观光厅,4.1,60,eb1e50257688ed6972210b93,旅游景点;其他,,scope,eb1e50257688ed6972210b93
0,上海市松江区佘山镇外青松公路的9260号,172,1,http://api.map.baidu.com/place/detail?uid=f7fa5111f5d400e29703193d&output=html&source=placeapi_v2,,,31.103338662261,121.2020172246,上海佘山国家森林公园-西佘山园,5,,f7fa5111f5d400e29703193d,旅游景点;风景区,,scope,f7fa5111f5d400e29703193d
0,上海市松江区三新北路900弄230號,3577,1,http://api.map.baidu.com/place/detail?uid=062b1522e9e7e30cab059d57&output=html&source=placeapi_v2,,,31.035422953726,121.20428662729,泰晤士小镇,3.9,,062b1522e9e7e30cab059d57,房地产;住宅区,,scope,062b1522e9e7e30cab059d57
0,上海市松江区车墩镇北松公路4915号,1533,1,http://api.map.baidu.com/place/detail?uid=6fd635f7c6e93c9a8605bfb8&output=html&source=placeapi_v2,,,31.01879541581,121.31679897201,上海影视乐园,4.3,20,6fd635f7c6e93c9a8605bfb8,旅游景点;风景区,,scope,6fd635f7c6e93c9a8605bfb8
0,高桥镇凌桥高沙滩3号,1795,1,http://api.map.baidu.com/place/detail?uid=9fbfeef237113044ece4a5ab&output=html&source=placeapi_v2,,,31.385155970819,121.53460270532,滨江森林公园,4.3,,9fbfeef237113044ece4a5ab,旅游景点;风景区,,scope,9fbfeef237113044ece4a5ab
0,上海浦东新区龙阳路2345号,0,1,http://api.map.baidu.com/place/detail?uid=05dd7d5f2b804018ad080f72&output=html&source=placeapi_v2,,,31.212076520624,121.57285337413,上海新国际博览中心,4,,05dd7d5f2b804018ad080f72,文化传媒;展览馆,,scope,05dd7d5f2b804018ad080f72
0,川沙新镇唐黄路180号,0,1,http://api.map.baidu.com/place/detail?uid=81ad5716b2c9c7fbe8e58272&output=html&source=placeapi_v2,,,31.143111649862,121.66612779669,上海迪士尼度假区,2.3,280,3ffb0724cf01bc4cadb22ab6,旅游景点;风景区,,scope,81ad5716b2c9c7fbe8e58272
0,静安区南京西路1686号,972,1,http://api.map.baidu.com/place/detail?uid=68ab5b13c5d316e8eee4a55f&output=html&source=placeapi_v2,,,31.229332445923,121.45218162435,静安寺,4.5,,68ab5b13c5d316e8eee4a55f,旅游景点;文物古迹,,scope,68ab5b13c5d316e8eee4a55f
0,上海市黄浦区兴业路123弄6-7号,0,1,http://api.map.baidu.com/place/detail?uid=b35ad8b38ece95b6cc06a431&output=html&source=placeapi_v2,1,,31.225357405719,121.48090973549,上海新天地,4.8,,b35ad8b38ece95b6cc06a431,购物;购物中心,,scope,b35ad8b38ece95b6cc06a431
0,上海市浦东新区新场镇海泉街128号,558,1,http://api.map.baidu.com/place/detail?uid=61f634f6ffb8e7616a49f3f0&output=html&source=placeapi_v2,,,31.032597558253,121.65047729981,新场古镇,4.2,,61f634f6ffb8e7616a49f3f0,旅游景点;风景区,(021)58170652,scope,61f634f6ffb8e7616a49f3f0
0,上海市青浦区崧泽大道333号(地铁2号线徐泾东站5、6号口即到),17,1,http://api.map.baidu.com/place/detail?uid=606243d00910ee37d6b74ec5&output=html&source=placeapi_v2,,,31.200005873507,121.30470400067,国家会展中心(上海),3.4,,,文化传媒;展览馆,,scope,606243d00910ee37d6b74ec5
0,浦东新区国展路1099号(近世博轴西侧),142,1,http://api.map.baidu.com/place/detail?uid=78bd50f744412f2630870a94&output=html&source=placeapi_v2,,,31.189203395386,121.49828217354,上海世博展览馆,4.4,,78bd50f744412f2630870a94,文化传媒;展览馆,,scope,78bd50f744412f2630870a94
0,虹口区溧阳路611号,0,1,http://api.map.baidu.com/place/detail?uid=05dd7d5fc0753718ad080f78&output=html&source=placeapi_v2,,,31.259917184144,121.49821868041,1933老场坊,4.6,,05dd7d5fc0753718ad080f78,旅游景点;风景区,,scope,05dd7d5fc0753718ad080f78
0,上海市黄浦区中山东一路(外滩)411,7,1,http://api.map.baidu.com/place/detail?uid=dc81b5a027c5a711e812e445&output=html&source=placeapi_v2,,,31.246307,121.49759,外滩观景大道,4.1,,dc81b5a027c5a711e812e445,旅游景点;风景区,,scope,dc81b5a027c5a711e812e445
0,南汇新城环湖西一路,1064,1,http://api.map.baidu.com/place/detail?uid=11d3c73b6e2af600eaf853c7&output=html&source=placeapi_v2,,,30.903364845913,121.933158,滴水湖,4.2,,11d3c73b6e2af600eaf853c7,旅游景点;风景区,,scope,11d3c73b6e2af600eaf853c7
0,上海市黄浦区,1054,1,http://api.map.baidu.com/place/detail?uid=3c0ea7c5eaee119dfaf0cb96&output=html&source=placeapi_v2,,,31.224661630356,121.47616634373,复兴公园(思南路),4.2,0,3c0ea7c5eaee119dfaf0cb96,旅游景点;公园,,scope,3c0ea7c5eaee119dfaf0cb96
0,上海市长宁区长宁路780号,2487,1,http://api.map.baidu.com/place/detail?uid=108b1cea68580fb53586f4cb&output=html&source=placeapi_v2,,,31.225538667089,121.42768373177,中山公园,4.3,,108b1cea68580fb53586f4cb,旅游景点;公园,,scope,108b1cea68580fb53586f4cb
0,上海市浦东新区上南路161号,738,1,http://api.map.baidu.com/place/detail?uid=fe4fcdbc949e477a21f0171e&output=html&source=placeapi_v2,,,31.189284016295,121.50246875961,中华艺术宫,4.6,,fe4fcdbc949e477a21f0171e,旅游景点;博物馆,,scope,fe4fcdbc949e477a21f0171e
0,上海市静安区石门二路128号(近北京西路),489,1,http://api.map.baidu.com/place/detail?uid=bff8fa7dc2732ea3c8213d07&output=html&source=placeapi_v2,,,31.240035906918,121.47040360699,静安雕塑公园,4.5,,bff8fa7dc2732ea3c8213d07,旅游景点;公园,(021)52289562,scope,bff8fa7dc2732ea3c8213d07
0,上海虹口区多伦路,1829,1,http://api.map.baidu.com/place/detail?uid=a5ef680f7face8d6b9df8f31&output=html&source=placeapi_v2,,,31.270896977808,121.48844358755,多伦路文化名人街,4.6,,a5ef680f7face8d6b9df8f31,旅游景点;其他,,scope,a5ef680f7face8d6b9df8f31
0,漕宝路88号光大会展中心西馆5楼,47,1,http://api.map.baidu.com/place/detail?uid=c058c8c183ccfd23b7f42f75&output=html&source=placeapi_v2,,,31.173506922732,121.4343401756,光大国际会展中心,4.1,,c058c8c183ccfd23b7f42f75,文化传媒;展览馆,,scope,c058c8c183ccfd23b7f42f75
0,新镇路456号,2059,1,http://api.map.baidu.com/place/detail?uid=2e00c5dd958a491dd7851f62&output=html&source=placeapi_v2,,,31.149113191277,121.37363839167,闵行体育公园,2.5,,2e00c5dd958a491dd7851f62,旅游景点;公园,,scope,2e00c5dd958a491dd7851f62
0,上海市虹口区四川北路2288号,0,1,http://api.map.baidu.com/place/detail?uid=61f634f6261fde796b49f331&output=html&source=placeapi_v2,,,31.276655111258,121.49121366709,鲁迅公园,4.5,,61f634f6261fde796b49f331,旅游景点;公园,(021)65400009,scope,61f634f6261fde796b49f331
0,上海市徐汇区桂林路567弄(近宜山路),335,1,http://api.map.baidu.com/place/detail?uid=beabdbf45a2986997069d3d9&output=html&source=placeapi_v2,,,31.170577267811,121.42507759387,桂林公园,4.5,,beabdbf45a2986997069d3d9,旅游景点;公园,,scope,beabdbf45a2986997069d3d9
0,静安区延安中路1000号,31,1,http://api.map.baidu.com/place/detail?uid=6221d9bc03ad6f6bc61b755f&output=html&source=placeapi_v2,,,31.229351379587,121.45852355704,上海展览中心,4.4,,6221d9bc03ad6f6bc61b755f,文化传媒;展览馆,,scope,6221d9bc03ad6f6bc61b755f
0,宝山区长江西路685号(近钢四路),960,1,http://api.map.baidu.com/place/detail?uid=417e3d204bbd2380ee74f8d2&output=html&source=placeapi_v2,,,31.34911689511,121.47829381954,上海玻璃博物馆,4.3,28,417e3d204bbd2380ee74f8d2,旅游景点;博物馆,,scope,417e3d204bbd2380ee74f8d2
0,上海市静安区北京西路510号,0,1,http://api.map.baidu.com/place/detail?uid=fc767524ceb4f4844e776ee0&output=html&source=placeapi_v2,,,31.241385298179,121.46828265378,上海自然博物馆,4.4,,fc767524ceb4f4844e776ee0,旅游景点;博物馆,,scope,fc767524ceb4f4844e776ee0
0,徐汇区龙华路2853号,719,1,http://api.map.baidu.com/place/detail?uid=db1f39d4e4456f6ef5c59cd9&output=html&source=placeapi_v2,,,31.179411860144,121.456724,龙华寺,4.7,,db1f39d4e4456f6ef5c59cd9,旅游景点;文物古迹,,scope,db1f39d4e4456f6ef5c59cd9
0,上海市杨浦区国顺东路369号(近双阳北路),67,1,http://api.map.baidu.com/place/detail?uid=4334bd0b7018288526d2bb8e&output=html&source=placeapi_v2,,,31.300939614104,121.53436870306,黄兴公园,4.3,,4334bd0b7018288526d2bb8e,旅游景点;公园,(021)65383091,scope,4334bd0b7018288526d2bb8e
0,上海市黄浦区蒙自路818号,1013,1,http://api.map.baidu.com/place/detail?uid=5e6f989e9ad80b3eb726554f&output=html&source=placeapi_v2,,,31.198870014257,121.48921826556,世博会博物馆,4,,5e6f989e9ad80b3eb726554f,旅游景点;博物馆,,scope,5e6f989e9ad80b3eb726554f
0,黄浦区南京西路231号人民公园内(近黄陂北路),726,1,http://api.map.baidu.com/place/detail?uid=1816533483da9005fa2d61ab&output=html&source=placeapi_v2,,,31.237427959372,121.47709211134,人民公园,4.4,,1816533483da9005fa2d61ab,旅游景点;公园,,scope,1816533483da9005fa2d61ab
0,肇嘉浜路889号(天平路宛平路间),1370,1,http://api.map.baidu.com/place/detail?uid=373cf75776292e6f4354d7d9&output=html&source=placeapi_v2,,,31.202963080503,121.44994257451,徐家汇公园,4.5,0,373cf75776292e6f4354d7d9,旅游景点;公园,,scope,373cf75776292e6f4354d7d9
0,徐汇区龙腾大道3398号(近瑞宁路),250,1,http://api.map.baidu.com/place/detail?uid=a43f72e38f8b267e1b94c614&output=html&source=placeapi_v2,,,31.189569897147,121.47061005107,龙美术馆(西岸馆),4.8,50,a43f72e38f8b267e1b94c614,文化传媒;美术馆,,scope,a43f72e38f8b267e1b94c614
0,浦东新区滨海镇滨海旅游度假区东大公路5366号(滨海高尔夫球场对面),350,1,http://api.map.baidu.com/place/detail?uid=833c183e70fd062f43e192e3&output=html&source=placeapi_v2,,,30.97877073967,121.91709471832,上海滨海森林公园,4.1,40,833c183e70fd062f43e192e3,旅游景点;公园,,scope,833c183e70fd062f43e192e3
0,"溧阳路651号,溧阳路649号",21,1,http://api.map.baidu.com/place/detail?uid=4d6c58d66570de7cbb17e7d1&output=html&source=placeapi_v2,,,31.259841370189,121.49821671402,上海音乐谷,3.6,,4d6c58d66570de7cbb17e7d1,旅游景点;风景区,(021)56067977,scope,4d6c58d66570de7cbb17e7d1
0,上海市崇明区长兴岛海洋装备产业区北侧,0,1,http://api.map.baidu.com/place/detail?uid=404d71fdbabb4e128c55ec70&output=html&source=placeapi_v2,,,31.402125412332,121.72173992173,长兴岛郊野公园,4.1,20,404d71fdbabb4e128c55ec70,旅游景点;公园,,scope,404d71fdbabb4e128c55ec70
0,新江湾城国泓路200号,51,1,http://api.map.baidu.com/place/detail?uid=13412cc5c7a8e7e7b4265541&output=html&source=placeapi_v2,,,31.328425013221,121.51716606901,安徒生童话乐园,4.5,,13412cc5c7a8e7e7b4265541,旅游景点;其他,,scope,13412cc5c7a8e7e7b4265541
0,静安区陕西南路30号(近延安路高架),884,1,http://api.map.baidu.com/place/detail?uid=108b1cea69f900b53486f4a8&output=html&source=placeapi_v2,,,31.22931817772,121.46323130403,马勒别墅,4.2,,108b1cea69f900b53486f4a8,旅游景点;其他,,scope,108b1cea69f900b53486f4a8
0,安远路170号,367,1,http://api.map.baidu.com/place/detail?uid=f4a33da9ee24c8083010afc9&output=html&source=placeapi_v2,,,31.247385808368,121.45165499454,玉佛禅寺,4.5,,f4a33da9ee24c8083010afc9,旅游景点;文物古迹,,scope,f4a33da9ee24c8083010afc9
0,上海市徐汇区蒲西路158号,1336,1,http://api.map.baidu.com/place/detail?uid=9c742643971071f7eaf85309&output=html&source=placeapi_v2,,,31.197636959577,121.44322517436,徐家汇天主教堂,4.4,,9c742643971071f7eaf85309,旅游景点;教堂,,scope,9c742643971071f7eaf85309
0,博园路7555,177,1,http://api.map.baidu.com/place/detail?uid=cc0849a0e6efae2d9403190a&output=html&source=placeapi_v2,,,31.286394867792,121.17472269407,上海汽车博览公园,4,,cc0849a0e6efae2d9403190a,旅游景点;公园,,scope,cc0849a0e6efae2d9403190a
0,上海浦东新区张杨路838号华都大厦3层,313,1,http://api.map.baidu.com/place/detail?uid=2d89ed0639f681007adbd2a4&output=html&source=placeapi_v2,,,31.243995681318,121.50217274728,陆家嘴,4.4,,2d89ed0639f681007adbd2a4,旅游景点;其他,,scope,2d89ed0639f681007adbd2a4
0,上海市浦东新区世博大道1500号,13,1,http://api.map.baidu.com/place/detail?uid=8d4491486cd60f52a1d230c1&output=html&source=placeapi_v2,,,31.191509513898,121.49379029835,世博中心,3.8,,8d4491486cd60f52a1d230c1,文化传媒;展览馆,,scope,8d4491486cd60f52a1d230c1
0,上海市浦东新区滨江大道1号富都段(浦东南路口),231,1,http://api.map.baidu.com/place/detail?uid=0523a141fb3ec504b23c8172&output=html&source=placeapi_v2,,,31.241902569654,121.50329563995,滨江公园,4,,0523a141fb3ec504b23c8172,旅游景点;公园,(021)58871096,scope,0523a141fb3ec504b23c8172
0,双阳路369号,803,1,http://api.map.baidu.com/place/detail?uid=50fb64ff365e225ce9f85321&output=html&source=placeapi_v2,,,31.286671808493,121.53918213521,杨浦公园,4.5,,50fb64ff365e225ce9f85321,旅游景点;公园,,scope,50fb64ff365e225ce9f85321
0,上海市徐汇区龙腾大道,107,1,http://api.map.baidu.com/place/detail?uid=ab8fde739f19a118591093bd&output=html&source=placeapi_v2,,,31.18754,121.470818,徐汇滨江绿地,4.6,,ab8fde739f19a118591093bd,旅游景点;公园,,scope,ab8fde739f19a118591093bd
0,浦东新区樱花路869号证大喜玛拉雅中心3-4楼,347,1,http://api.map.baidu.com/place/detail?uid=f6a37bdfcf1cb52d3586f40c&output=html&source=placeapi_v2,,F4,31.21483741257,121.56801001445,喜玛拉雅美术馆,4.4,30,f6a37bdfcf1cb52d3586f40c,文化传媒;美术馆,,scope,f6a37bdfcf1cb52d3586f40c
0,静安区南京西路1649号(近静安寺),1209,1,http://api.map.baidu.com/place/detail?uid=dbf4d6ee0d3c8f2b6ea3cc88&output=html&source=placeapi_v2,,,31.229439868872,121.45262332925,静安公园,4.4,,dbf4d6ee0d3c8f2b6ea3cc88,旅游景点;公园,,scope,dbf4d6ee0d3c8f2b6ea3cc88
0,上海市浦东新区川沙新镇上海迪士尼度假区内,3,1,http://api.map.baidu.com/place/detail?uid=9f59181274f2efd0f7e73bef&output=html&source=placeapi_v2,,,31.146743,121.669209,迪士尼乐园,3,,9f59181274f2efd0f7e73bef,旅游景点;游乐园,,scope,9f59181274f2efd0f7e73bef
0,上海市崇明区东滩东旺大道上海崇明东滩鸟类国家级自然保护区内,416,1,http://api.map.baidu.com/place/detail?uid=ed95f50ad522dcc04202458f&output=html&source=placeapi_v2,,,31.520410016951,121.94516829442,东滩湿地公园,3.9,80,,旅游景点;公园,,scope,ed95f50ad522dcc04202458f
0,上海市普陀区光复西路2739号,80,1,http://api.map.baidu.com/place/detail?uid=d6d1c6db044a32ce2a02e13d&output=html&source=placeapi_v2,,,31.228647309886,121.3982717613,上海跨国采购会展中心,3.4,,d6d1c6db044a32ce2a02e13d,文化传媒;展览馆,,scope,d6d1c6db044a32ce2a02e13d
0,上海市松江区方松街道秋柏路,331,1,http://api.map.baidu.com/place/detail?uid=27f4f381142eadf228b97c82&output=html&source=placeapi_v2,,,31.069609767171,121.20326816264,广富林遗址,3.9,,27f4f381142eadf228b97c82,旅游景点;文物古迹,,scope,27f4f381142eadf228b97c82
0,黄浦区花园港路200号(近苗江路),0,1,http://api.map.baidu.com/place/detail?uid=bcaebff88044a155c8e33cab&output=html&source=placeapi_v2,,,31.207603412314,121.50469546314,上海当代艺术博物馆,4.6,,bcaebff88044a155c8e33cab,旅游景点;博物馆,,scope,bcaebff88044a155c8e33cab
0,中山南路505号老码头内,1,1,http://api.map.baidu.com/place/detail?uid=f79ab6749429c81e84154149&output=html&source=placeapi_v2,,,31.224885168122,121.51305872876,石库门老街,5,,f79ab6749429c81e84154149,旅游景点;其他,,scope,f79ab6749429c81e84154149
0,朱泾镇秀泾村秀泾六组6060号蓝天园林花木管理房,69,1,http://api.map.baidu.com/place/detail?uid=bac6e5b4b45e609658f6be54&output=html&source=placeapi_v2,,,30.891869,121.122979,花开海上生态园,4.4,,,旅游景点;公园,,scope,bac6e5b4b45e609658f6be54
0,上海市静安区,325,1,http://api.map.baidu.com/place/detail?uid=23116913c5c6a0fc734b87ff&output=html&source=placeapi_v2,,,31.277193621929,121.46991085498,闸北公园,4.3,,23116913c5c6a0fc734b87ff,旅游景点;公园,,scope,23116913c5c6a0fc734b87ff
0,嘉定区安亭博园路7565号(近墨玉南路),447,1,http://api.map.baidu.com/place/detail?uid=4bb049d98f556a5e9900504e&output=html&source=placeapi_v2,,,31.284957363174,121.17632048493,上海汽车博物馆,4.5,40,4bb049d98f556a5e9900504e,旅游景点;博物馆,,scope,4bb049d98f556a5e9900504e
0,中山东一路1号,1,1,http://api.map.baidu.com/place/detail?uid=615a45ed8df71134c5effb66&output=html&source=placeapi_v2,,,31.243964468604,121.49641308633,外滩建筑群,5,,615a45ed8df71134c5effb66,旅游景点;风景区,,scope,615a45ed8df71134c5effb66
0,博成路1221号,10,1,http://api.map.baidu.com/place/detail?uid=a7a5a64957a3c9000bf5ebba&output=html&source=placeapi_v2,,,31.189884125766,121.49999682137,中国馆,4,,a7a5a64957a3c9000bf5ebba,文化传媒;展览馆,,scope,a7a5a64957a3c9000bf5ebba
0,人民南路64号,425,1,http://api.map.baidu.com/place/detail?uid=4edf9fbf0a02d595cc06a4f0&output=html&source=placeapi_v2,,,31.008183625623,121.23547051795,醉白池,4.3,,4edf9fbf0a02d595cc06a4f0,旅游景点;公园,(021)57814763,scope,4edf9fbf0a02d595cc06a4f0
0,上海市黄浦区,2,1,http://api.map.baidu.com/place/detail?uid=f757e6eea0dcbf16270bd096&output=html&source=placeapi_v2,,,31.225037054921,121.47619971578,科学会堂,5,,f757e6eea0dcbf16270bd096,文化传媒;展览馆,,scope,f757e6eea0dcbf16270bd096
0,上海市浦东新区世博大道1929号,413,1,http://api.map.baidu.com/place/detail?uid=cb065707909c38322ce67b58&output=html&source=placeapi_v2,,,31.189854828441,121.48487723203,上海二十一世纪民生美术馆,3.5,,cb065707909c38322ce67b58,文化传媒;美术馆,,scope,cb065707909c38322ce67b58
0,上海市浦东新区台儿庄路362号,0,1,http://api.map.baidu.com/place/detail?uid=b93cbdca65b36d5eed74f85a&output=html&source=placeapi_v2,,,31.26473625213,121.5999891633,金桥公园,3.6,,b93cbdca65b36d5eed74f85a,旅游景点;公园,,scope,b93cbdca65b36d5eed74f85a
0,上海市徐汇区龙腾大道2555号,75,1,http://api.map.baidu.com/place/detail?uid=e385666efc3e34b548cc4a97&output=html&source=placeapi_v2,,,31.17304871406,121.46921129956,西岸艺术中心,2.5,480,e385666efc3e34b548cc4a97,文化传媒;美术馆,,scope,e385666efc3e34b548cc4a97
0,友谊路1号,410,1,http://api.map.baidu.com/place/detail?uid=75036835ddc3fdae5e0d027c&output=html&source=placeapi_v2,,,31.414168721709,121.49899260564,临江公园,4.2,,75036835ddc3fdae5e0d027c,旅游景点;公园,(021)56104731,scope,75036835ddc3fdae5e0d027c
0,都市路5001号仲盛世界商城5层15A、15B,939,1,http://api.map.baidu.com/place/detail?uid=aeff485a0bf09c5d0bf5eb4c&output=html&source=placeapi_v2,,F5,31.111712211749,121.39307098472,星期8小镇,3.4,50,aeff485a0bf09c5d0bf5eb4c,教育培训;亲子教育,,scope,aeff485a0bf09c5d0bf5eb4c
0,金泽镇紫莲路500号,55,1,http://api.map.baidu.com/place/detail?uid=cffe737c2962434576e5b644&output=html&source=placeapi_v2,,,31.064508,121.014809,青西郊野公园,3.3,,cffe737c2962434576e5b644,旅游景点;公园,,scope,cffe737c2962434576e5b644
0,上海市虹口区长阳路62号,0,1,http://api.map.baidu.com/place/detail?uid=0adce3e2862f046080a00c32&output=html&source=placeapi_v2,,,31.260082453843,121.51569689484,上海犹太难民纪念馆,4.3,50,0adce3e2862f046080a00c32,旅游景点;文物古迹,,scope,0adce3e2862f046080a00c32
0,上海市黄浦区南京西路231号人民公园7号门(近黄陂北路),777,1,http://api.map.baidu.com/place/detail?uid=dfc496b65cbf59ae8836ee8f&output=html&source=placeapi_v2,,,31.237497012134,121.47925762949,上海当代艺术馆,4.1,,dfc496b65cbf59ae8836ee8f,文化传媒;展览馆,,scope,dfc496b65cbf59ae8836ee8f
0,陕西北路186号,1,1,http://api.map.baidu.com/place/detail?uid=594c60b18f0bd26cf72310aa&output=html&source=placeapi_v2,,,31.233016772715,121.46214347942,陕西北路186号,5,,594c60b18f0bd26cf72310aa,门址;门址点,,scope,594c60b18f0bd26cf72310aa
0,上海市浦东新区陆家嘴环路717号临,550,1,http://api.map.baidu.com/place/detail?uid=f60a15edf3febcedba17e7b0&output=html&source=placeapi_v2,,,31.244558788872,121.51398394211,陆家嘴中心绿地,4.5,,f60a15edf3febcedba17e7b0,旅游景点;风景区,,scope,f60a15edf3febcedba17e7b0
0,上海市徐汇区淮海中路1008号(近襄阳北路),344,1,http://api.map.baidu.com/place/detail?uid=f757e6eea015bf16260bd0d9&output=html&source=placeapi_v2,,,31.222226588354,121.46347452834,襄阳公园,4.2,,f757e6eea015bf16260bd0d9,旅游景点;公园,,scope,f757e6eea015bf16260bd0d9
0,东大名路558,64,1,http://api.map.baidu.com/place/detail?uid=674db33fd80a15cd38221ca2&output=html&source=placeapi_v2,,,31.253718250011,121.50462155954,北外滩滨江绿地,4.1,,674db33fd80a15cd38221ca2,旅游景点;其他,,scope,674db33fd80a15cd38221ca2
0,徐汇区枫林路300号(近斜土路),174,1,http://api.map.baidu.com/place/detail?uid=60c62d320fd92a395cbe8645&output=html&source=placeapi_v2,,,31.200029651457,121.46322613878,上海昆虫博物馆,4.7,,60c62d320fd92a395cbe8645,旅游景点;博物馆,,scope,60c62d320fd92a395cbe8645
0,虹口区天潼路395号(近四川北路),240,1,http://api.map.baidu.com/place/detail?uid=923ffd001bf049b6d92f2836&output=html&source=placeapi_v2,,,31.25014619362,121.4923078598,上海邮政博物馆,4.2,,923ffd001bf049b6d92f2836,旅游景点;博物馆,,scope,923ffd001bf049b6d92f2836
0,长宁区延安西路1731号(近凯旋路),276,1,http://api.map.baidu.com/place/detail?uid=49a02a7a706e68412b201a62&output=html&source=placeapi_v2,,,31.214278715514,121.42260152433,天山公园,4.1,,49a02a7a706e68412b201a62,旅游景点;公园,,scope,49a02a7a706e68412b201a62
0,罗店镇年吉路358弄4号,15,1,http://api.map.baidu.com/place/detail?uid=158fcc09265a1e831ce99977&output=html&source=placeapi_v2,,,31.407802194018,121.35982770353,美兰湖景区,3.8,,158fcc09265a1e831ce99977,旅游景点;风景区,,scope,158fcc09265a1e831ce99977
0,龙华路二五七七号,38,1,http://api.map.baidu.com/place/detail?uid=eef2d528ae0b53be3be4a6ca&output=html&source=placeapi_v2,,,31.184990254313,121.4584881656,2577创意大院,3.5,,eef2d528ae0b53be3be4a6ca,公司企业;园区,(021)64380516,scope,eef2d528ae0b53be3be4a6ca
0,老成都北路7弄30号,113,1,http://api.map.baidu.com/place/detail?uid=dc0f0adc59a75e20f822135e&output=html&source=placeapi_v2,,,31.230164423385,121.4734073349,中共二大会址纪念馆,4.1,,dc0f0adc59a75e20f822135e,旅游景点;文物古迹,,scope,dc0f0adc59a75e20f822135e
0,延安西路1609号,0,1,http://api.map.baidu.com/place/detail?uid=e0765fca8f992f3817b54bfd&output=html&source=placeapi_v2,,,31.21499779974,121.4260774654,刘海粟美术馆,5,,e0765fca8f992f3817b54bfd,文化传媒;美术馆,,scope,e0765fca8f992f3817b54bfd
0,丰谷路35号(龙腾大道与丰谷路交汇处路南),369,1,http://api.map.baidu.com/place/detail?uid=c5626aa3313d27e24d2fdfd9&output=html&source=placeapi_v2,,,31.176967825116,121.46764408792,余德耀美术馆,4.5,150,c5626aa3313d27e24d2fdfd9,文化传媒;美术馆,,scope,c5626aa3313d27e24d2fdfd9
0,宝山区联杨路3888号,8,1,http://api.map.baidu.com/place/detail?uid=825e08171be159e00e3ddadb&output=html&source=placeapi_v2,,,31.400059483637,121.33695304721,东方假日田园,4.1,,825e08171be159e00e3ddadb,旅游景点;其他,,scope,825e08171be159e00e3ddadb
0,练塘镇老朱枫公路3501号,1,1,http://api.map.baidu.com/place/detail?uid=ea585f7666b18b208bb988f5&output=html&source=placeapi_v2,,,31.013225,121.050999,陈云故里,5,,,旅游景点;文物古迹,,scope,ea585f7666b18b208bb988f5
0,上海市静安区吴江路169号,177,1,http://api.map.baidu.com/place/detail?uid=55fa2c0b455f9d341ce99962&output=html&source=placeapi_v2,,,31.236139,121.466766,南京西路,4.3,,55fa2c0b455f9d341ce99962,交通设施;地铁站,,scope,55fa2c0b455f9d341ce99962
0,香山路7号(近思南路),278,1,http://api.map.baidu.com/place/detail?uid=ddb4ab9090b7280e86330454&output=html&source=placeapi_v2,,,31.222189782687,121.47375607237,孙中山故居纪念馆,4.3,20,ddb4ab9090b7280e86330454,旅游景点;博物馆,,scope,ddb4ab9090b7280e86330454
0,嘉兴市平湖市廊华路,26,1,http://api.map.baidu.com/place/detail?uid=7303364505aee5e7e6e9653f&output=html&source=placeapi_v2,,,30.78228,121.182018,枫叶岛,3.7,,,旅游景点;公园,,scope,7303364505aee5e7e6e9653f
0,延安中路470弄2号,22,1,http://api.map.baidu.com/place/detail?uid=060f5e53c881ffd4081cc707&output=html&source=placeapi_v2,,,31.231501452156,121.47206828478,延安中路大型公共绿地,4.1,,060f5e53c881ffd4081cc707,旅游景点;公园,,scope,060f5e53c881ffd4081cc707
0,光复路1号老四行创意园7层,13,1,http://api.map.baidu.com/place/detail?uid=4ea3f2f17e1f19abaecb66fc&output=html&source=placeapi_v2,,,31.246224493002,121.47808027345,上海四行仓库-八百壮士英勇抗日事迹陈列室,4,,4ea3f2f17e1f19abaecb66fc,旅游景点;文物古迹,(021)63801202,scope,4ea3f2f17e1f19abaecb66fc
0,外环以外安亭博园路7575号,65,1,http://api.map.baidu.com/place/detail?uid=0dc3d82d9760746d75e5b6e9&output=html&source=placeapi_v2,,,31.286501740755,121.17471667093,上海汽车会展中心,3.7,,0dc3d82d9760746d75e5b6e9,文化传媒;展览馆,(021)69550222,scope,0dc3d82d9760746d75e5b6e9
0,上海市虹口区昆明路73号,285,1,http://api.map.baidu.com/place/detail?uid=e3e2cd9d4f6f7ce2c7f50d32&output=html&source=placeapi_v2,,,31.260690271401,121.51379815456,下海庙,4.7,,e3e2cd9d4f6f7ce2c7f50d32,旅游景点;文物古迹,"(021)65416559,(021)65410761",scope,e3e2cd9d4f6f7ce2c7f50d32
0,上海市黄浦区中山东一路500号,92,1,http://api.map.baidu.com/place/detail?uid=ac93dc63fbdbab4dc7f02590&output=html&source=placeapi_v2,,,31.244504114729,121.49676490679,外滩情人墙,4.5,,ac93dc63fbdbab4dc7f02590,旅游景点;风景区,,scope,ac93dc63fbdbab4dc7f02590
0,龙镇路6号,90,1,http://api.map.baidu.com/place/detail?uid=50f7d146db83ccc572210b7c&output=html&source=placeapi_v2,,,31.419897201447,121.43463008843,月浦公园,4.7,,50f7d146db83ccc572210b7c,旅游景点;公园,(021)56649581,scope,50f7d146db83ccc572210b7c
0,黄浦区建国中路22号,62,1,http://api.map.baidu.com/place/detail?uid=5af08a0bd37f07bc3c9a5e62&output=html&source=placeapi_v2,,,31.215825,121.475875,上海旧法租界,3.8,,5af08a0bd37f07bc3c9a5e62,旅游景点;文物古迹,,scope,5af08a0bd37f07bc3c9a5e62
0,上海市闵行区先新路41号(近林海公路),98,1,http://api.map.baidu.com/place/detail?uid=ff0c5bcb1232d49deaf85321&output=html&source=placeapi_v2,,,31.047861573084,121.56278603553,浦江玫瑰园,4,30,ff0c5bcb1232d49deaf85321,旅游景点;植物园,,scope,ff0c5bcb1232d49deaf85321
0,上海市黄浦区文庙路215号,45,1,http://api.map.baidu.com/place/detail?uid=76b9e65ccc265c3496f08c2a&output=html&source=placeapi_v2,,,31.223180414673,121.49463925455,上海文庙,4,,76b9e65ccc265c3496f08c2a,旅游景点;文物古迹,,scope,76b9e65ccc265c3496f08c2a
0,黄浦区苗江路139号(半淞园路路口),7,1,http://api.map.baidu.com/place/detail?uid=f6207b816d914d0f0bf5eb9e&output=html&source=placeapi_v2,,,31.210275002513,121.50668970137,Pulupulu主题游戏馆,4.5,100,f6207b816d914d0f0bf5eb9e,休闲娱乐;游戏场所,,scope,f6207b816d914d0f0bf5eb9e
0,上海市黄浦区外滩中山东一路500号(北京东路中山东一路),186,1,http://api.map.baidu.com/place/detail?uid=750ec165213c9d2a4d3a59ab&output=html&source=placeapi_v2,,,31.247622395126,121.49679535845,黄浦公园,4.4,238,750ec165213c9d2a4d3a59ab,旅游景点;公园,(021)53082636,scope,750ec165213c9d2a4d3a59ab
0,平福路188号(上中路龙吴路路口),5,1,http://api.map.baidu.com/place/detail?uid=7983948acadee7ea0ab93a74&output=html&source=placeapi_v2,,,31.14363313663,121.45445146091,漕河泾聚鑫园,3.3,,7983948acadee7ea0ab93a74,房地产;写字楼,,scope,7983948acadee7ea0ab93a74
0,上海市徐汇区武康路113号,236,1,http://api.map.baidu.com/place/detail?uid=a5ea5a484941cdc1b35c6a2a&output=html&source=placeapi_v2,,,31.215051868671,121.44687060861,巴金故居,4.3,,a5ea5a484941cdc1b35c6a2a,旅游景点;文物古迹,(021)33685656,scope,a5ea5a484941cdc1b35c6a2a
0,上海市普陀区兰溪路399号,217,1,http://api.map.baidu.com/place/detail?uid=c7fb04bd1f743d14fa0cadc9&output=html&source=placeapi_v2,,,31.254941842502,121.4086292427,真如寺,4.7,,c7fb04bd1f743d14fa0cadc9,旅游景点;文物古迹,,scope,c7fb04bd1f743d14fa0cadc9
0,方浜中路249号,8,1,http://api.map.baidu.com/place/detail?uid=bb1d38e4785d30540c0a704d&output=html&source=placeapi_v2,,,31.230903903977,121.50357286871,上海老街(人民路),3.9,,bb1d38e4785d30540c0a704d,购物;其他,,scope,bb1d38e4785d30540c0a704d
0,上海市静安区陕西北路186号(近南京西路),13,1,http://api.map.baidu.com/place/detail?uid=33fbfa83fffa61c00af5eb88&output=html&source=placeapi_v2,,,31.233040598479,121.46212732609,荣宗敬故居,3.8,,33fbfa83fffa61c00af5eb88,旅游景点;文物古迹,,scope,33fbfa83fffa61c00af5eb88
0,上海市黄浦区金陵中路黄陂南路路口,307,1,http://api.map.baidu.com/place/detail?uid=f633606a5e6aff4f0b69d925&output=html&source=placeapi_v2,,,31.231468,121.481555,广场公园(延安东路),5,,478974e3740f74f3744ff106,旅游景点;公园,,scope,f633606a5e6aff4f0b69d925
0,华山路849,14,1,http://api.map.baidu.com/place/detail?uid=7d5f3a0a3f75514a2cb908d8&output=html&source=placeapi_v2,,,31.219037631313,121.44530744923,丁香花园,3.7,,7d5f3a0a3f75514a2cb908d8,旅游景点;其他,,scope,7d5f3a0a3f75514a2cb908d8
0,罗店镇罗溪路518号(练祁河旁),70,1,http://api.map.baidu.com/place/detail?uid=22e114076790e3b5d5b74e66&output=html&source=placeapi_v2,,,31.423270686891,121.35000979383,宝山寺,4.5,,22e114076790e3b5d5b74e66,旅游景点;文物古迹,,scope,22e114076790e3b5d5b74e66
0,闵行区莘浜路421号(近莘西路),571,1,http://api.map.baidu.com/place/detail?uid=41572e009f5fccb5b45f1e62&output=html&source=placeapi_v2,,,31.10881811865,121.37967136926,莘庄公园,4.4,,41572e009f5fccb5b45f1e62,旅游景点;公园,,scope,41572e009f5fccb5b45f1e62
0,上海浦东新区银城中路501号上海中心大厦118层,2,1,http://api.map.baidu.com/place/detail?uid=d4942a4a4319b1fd09a8d4bd&output=html&source=placeapi_v2,,,31.239062,121.511732,上海之巅观光厅,5,,d4942a4a4319b1fd09a8d4bd,旅游景点;其他,,scope,d4942a4a4319b1fd09a8d4bd
0,宝山区友谊路1号,102,1,http://api.map.baidu.com/place/detail?uid=93df0dc38bcac62a882fb5f9&output=html&source=placeapi_v2,,,31.414286470409,121.49930417842,上海淞沪抗战纪念馆,4.7,,93df0dc38bcac62a882fb5f9,旅游景点;文物古迹,,scope,93df0dc38bcac62a882fb5f9
0,上海市黄浦区,17,1,http://api.map.baidu.com/place/detail?uid=98bf9537435a8700e507385e&output=html&source=placeapi_v2,,,31.229017999715,121.47099144733,延中公园(金陵西路),4.5,,98bf9537435a8700e507385e,旅游景点;公园,,scope,98bf9537435a8700e507385e
0,周浦镇周邓公路6851号,154,1,http://api.map.baidu.com/place/detail?uid=f1f5cac5d76d749937b06c85&output=html&source=placeapi_v2,,,31.12001649688,121.60295211982,周浦公园,3.4,,f1f5cac5d76d749937b06c85,旅游景点;公园,,scope,f1f5cac5d76d749937b06c85
0,长宁区宋园路21号宋庆龄陵园(红宝石路姚虹路),0,1,http://api.map.baidu.com/place/detail?uid=e6ee2fd23029da492b11d162&output=html&source=placeapi_v2,,,31.199915633828,121.41992208291,上海儿童博物馆,4.5,,e6ee2fd23029da492b11d162,旅游景点;博物馆,,scope,e6ee2fd23029da492b11d162
0,上海市虹口区欧阳路165号,22,1,http://api.map.baidu.com/place/detail?uid=e1630f5078925a98100daa57&output=html&source=placeapi_v2,,,31.272837107279,121.49484761022,法兰桥,3.2,,e1630f5078925a98100daa57,公司企业;园区,,scope,e1630f5078925a98100daa57
0,上海市嘉定区白银路与G204交口,42,1,http://api.map.baidu.com/place/detail?uid=2a674dd335935a44ca09f015&output=html&source=placeapi_v2,,,31.361261833206,121.27386389333,远香湖公园,4.4,,2a674dd335935a44ca09f015,旅游景点;公园,,scope,2a674dd335935a44ca09f015
0,漕宝路88号,1,1,http://api.map.baidu.com/place/detail?uid=f633606a2617574f0b69d9d9&output=html&source=placeapi_v2,,,31.173506922732,121.4343401756,上海光大会展中心-西馆,3,,f633606a2617574f0b69d9d9,文化传媒;展览馆,,scope,f633606a2617574f0b69d9d9
0,徐汇区衡山路53号(近乌鲁木齐路),0,1,http://api.map.baidu.com/place/detail?uid=4246cb8a23b2ed5e2cb9080e&output=html&source=placeapi_v2,,,31.212645395897,121.45429154097,基督教国际礼拜堂,4.4,,4246cb8a23b2ed5e2cb9080e,旅游景点;教堂,,scope,4246cb8a23b2ed5e2cb9080e
0,夏碧路520号,197,1,http://api.map.baidu.com/place/detail?uid=cf6fd41b6db1fa383f9a5e43&output=html&source=placeapi_v2,,,31.344476548731,121.58412021558,荷兰风情小镇,4,,cf6fd41b6db1fa383f9a5e43,房地产;住宅区,,scope,cf6fd41b6db1fa383f9a5e43
0,上海市浦东新区滨江大道2789号外滩观光隧道B2层,698,1,http://api.map.baidu.com/place/detail?uid=3b1c876e7ca100a9ae0457d2&output=html&source=placeapi_v2,,,31.244406132244,121.50335111774,3D魔幻趣味馆,4.6,100,3b1c876e7ca100a9ae0457d2,文化传媒;展览馆,,scope,3b1c876e7ca100a9ae0457d2
0,上海市虹口区申贝大厦-后门,26,1,http://api.map.baidu.com/place/detail?uid=65f79970b2dc89142b201a26&output=html&source=placeapi_v2,,,31.261315794991,121.4905218416,中共四大纪念馆,4.8,,65f79970b2dc89142b201a26,旅游景点;文物古迹,,scope,65f79970b2dc89142b201a26
0,上海市黄浦区湖滨路168号,285,1,http://api.map.baidu.com/place/detail?uid=6b5702302879e3359e9d6814&output=html&source=placeapi_v2,,,31.22573,121.483825,新天地太平湖,4,,6b5702302879e3359e9d6814,旅游景点;公园,,scope,6b5702302879e3359e9d6814
0,国秀路300号临,453,1,http://api.map.baidu.com/place/detail?uid=c16534056675ac07ab175af8&output=html&source=placeapi_v2,,,31.338562315454,121.52075533042,新江湾城公园,4,,c16534056675ac07ab175af8,旅游景点;公园,,scope,c16534056675ac07ab175af8
0,上海市浦东新区川沙镇黄赵路310号上海迪士尼乐园,5,1,http://api.map.baidu.com/place/detail?uid=a2739e1c4ae4ba24100daad2&output=html&source=placeapi_v2,,,31.149885,121.671533,翱翔飞越地平线银联呈献,5.0,,a2739e1c4ae4ba24100daad2,旅游景点;游乐园,,scope,a2739e1c4ae4ba24100daad2
0,上海市黄浦区龙华东路800号,235,1,http://api.map.baidu.com/place/detail?uid=2d71b4094170bd5d8f1a891d&output=html&source=placeapi_v2,,,31.19858854205,121.48279094533,南园滨江绿地,4.3,,2d71b4094170bd5d8f1a891d,旅游景点;公园,,scope,2d71b4094170bd5d8f1a891d
0,上海市沪太路2695号。,76,1,http://api.map.baidu.com/place/detail?uid=d7b508f201c6d79001294f2a&output=html&source=placeapi_v2,,,31.316110120168,121.41767653742,上海木文化博物馆,4.3,60,d7b508f201c6d79001294f2a,旅游景点;博物馆,,scope,d7b508f201c6d79001294f2a
0,上海市松江区外青松公路9142号上海佘山国家森林公园西佘山园内,431,1,http://api.map.baidu.com/place/detail?uid=8ab0dfc43cb07317d9eced9e&output=html&source=placeapi_v2,,,31.100359842941,121.19889385857,佘山天主教堂,4.3,,,旅游景点;教堂,,scope,8ab0dfc43cb07317d9eced9e
0,杨浦区共青路386号,275,1,http://api.map.baidu.com/place/detail?uid=a74481d65db77b47f503b826&output=html&source=placeapi_v2,,,31.29292235875,121.56799841732,复兴岛公园,4.1,,a74481d65db77b47f503b826,旅游景点;公园,,scope,a74481d65db77b47f503b826
0,上海市嘉定区南大街138号,1,1,http://api.map.baidu.com/place/detail?uid=56224a9035d97664f90cad13&output=html&source=placeapi_v2,,,31.385799442444,121.25970795583,孔庙,4.2,,56224a9035d97664f90cad13,旅游景点;文物古迹,,scope,56224a9035d97664f90cad13
0,浦东新区陆家嘴环路479号上海中心大厦第37楼,99,1,http://api.map.baidu.com/place/detail?uid=ab0cf4b4b48edb2c2ce67bc4&output=html&source=placeapi_v2,,,31.238343221875,121.51190829314,观复博物馆,4.8,,ab0cf4b4b48edb2c2ce67bc4,旅游景点;博物馆,,scope,ab0cf4b4b48edb2c2ce67bc4
0,上海市浦东新区川沙新镇上海迪士尼度假区内,122,1,http://api.map.baidu.com/place/detail?uid=11a06ea7783b15dd4107c18e&output=html&source=placeapi_v2,,,31.139925931849,121.66180843748,星愿公园,5.0,,11a06ea7783b15dd4107c18e,旅游景点;公园,,scope,11a06ea7783b15dd4107c18e
0,宜昌路66,256,1,http://api.map.baidu.com/place/detail?uid=2c0bd6c50f46e1ab43ab9ac9&output=html&source=placeapi_v2,,,31.256004505888,121.44803035157,苏州河梦清园环保主题公园,4.4,,2c0bd6c50f46e1ab43ab9ac9,旅游景点;公园,,scope,2c0bd6c50f46e1ab43ab9ac9
0,南车站路350号,322,1,http://api.map.baidu.com/place/detail?uid=92b806d2c5c444ff78b55cab&output=html&source=placeapi_v2,,,31.212379118316,121.49919335087,蓬莱公园(南车站路),4.6,,92b806d2c5c444ff78b55cab,旅游景点;公园,,scope,92b806d2c5c444ff78b55cab
0,虹口区多伦路27号(近四川北路),209,1,http://api.map.baidu.com/place/detail?uid=15e1e85ee988bfa358109331&output=html&source=placeapi_v2,,,31.267848854937,121.48967274628,上海多伦现代美术馆,3.2,,15e1e85ee988bfa358109331,文化传媒;美术馆,,scope,15e1e85ee988bfa358109331
0,普陀区长寿路260号(近西康路),271,1,http://api.map.baidu.com/place/detail?uid=e116be541e3ee27ac91b95c9&output=html&source=placeapi_v2,,,31.250399789597,121.44686466542,长寿公园,4.2,,e116be541e3ee27ac91b95c9,旅游景点;公园,,scope,e116be541e3ee27ac91b95c9
0,浦东新区合欢路201号(迎春路口),1272,1,http://api.map.baidu.com/place/detail?uid=8ab0dfc43c867317d9ecedb0&output=html&source=placeapi_v2,,,31.228637357837,121.55525776285,上海浦东展览馆,3.8,,8ab0dfc43c867317d9ecedb0,文化传媒;展览馆,,scope,8ab0dfc43c867317d9ecedb0
0,上海市松江区开江中路303号,69,1,http://api.map.baidu.com/place/detail?uid=5aa81f255c09276587330483&output=html&source=placeapi_v2,,,31.117319,121.283817,泗泾老街,3,,5aa81f255c09276587330483,旅游景点;其他,,scope,5aa81f255c09276587330483
0,上海市长宁区中山西路229号,0,1,http://api.map.baidu.com/place/detail?uid=b832079622057721ddee8be4&output=html&source=placeapi_v2,,,31.223960098255,121.41732007273,上海消防博物馆,4.1,,b832079622057721ddee8be4,旅游景点;博物馆,,scope,b832079622057721ddee8be4
0,上海市虹口区四川北路1468号,283,1,http://api.map.baidu.com/place/detail?uid=37835aba28fe62a894031933&output=html&source=placeapi_v2,,,31.258929841211,121.49071671315,四川北路公园,4.3,,37835aba28fe62a894031933,旅游景点;公园,(021)63562282,scope,37835aba28fe62a894031933
0,泗泾镇江川北路186号,75,1,http://api.map.baidu.com/place/detail?uid=e3082848f825d4beb34c49ed&output=html&source=placeapi_v2,,,31.119266811767,121.28034366202,泗泾公园,4.1,,e3082848f825d4beb34c49ed,旅游景点;公园,,scope,e3082848f825d4beb34c49ed
0,"徐汇区天钥桥路580号星游城B1楼(近零陵路,体育馆，世纪联华，飞洲国际广场)",0,1,http://api.map.baidu.com/place/detail?uid=e6bb5368f5a295c2882fb5a9&output=html&source=placeapi_v2,,,31.191057997858,121.44868420659,星游城,,,e6bb5368f5a295c2882fb5a9,购物;购物中心,,scope,e6bb5368f5a295c2882fb5a9
0,徐汇区瑞金南路518号(近打浦桥),159,1,http://api.map.baidu.com/place/detail?uid=669775d067dd295afd0eb0d9&output=html&source=placeapi_v2,,,31.204698472368,121.4750777313,上海公安博物馆,4.9,,669775d067dd295afd0eb0d9,旅游景点;博物馆,(021)64720256,scope,669775d067dd295afd0eb0d9
0,上海市黄浦区泰康路25号,0,1,http://api.map.baidu.com/place/detail?uid=c08c55cc0b3447acf02d830e&output=html&source=placeapi_v2,,,31.213979523107,121.47679024027,上海琉璃中国博物馆,4.3,20,c08c55cc0b3447acf02d830e,旅游景点;博物馆,,scope,c08c55cc0b3447acf02d830e
0,泰海路230,82,1,http://api.map.baidu.com/place/detail?uid=75d0881ac610014c3a04b1e9&output=html&source=placeapi_v2,,,31.320360050201,121.25227799101,古树公园,4.4,,75d0881ac610014c3a04b1e9,旅游景点;公园,(021)63366016,scope,75d0881ac610014c3a04b1e9
0,黄浦区西藏中路316(近汉口路),320,1,http://api.map.baidu.com/place/detail?uid=8cb7f09ff431ef8c38221c9c&output=html&source=placeapi_v2,,,31.239055911529,121.48206581246,基督教沐恩堂,4.7,,8cb7f09ff431ef8c38221c9c,旅游景点;教堂,,scope,8cb7f09ff431ef8c38221c9c
0,富城路99号震旦国际大楼1层,436,1,http://api.map.baidu.com/place/detail?uid=e1442314e060aef28505bf93&output=html&source=placeapi_v2,,,31.240506530316,121.50601597224,震旦博物馆,4.7,60,e1442314e060aef28505bf93,旅游景点;博物馆,,scope,e1442314e060aef28505bf93
0,漕河街69,27,1,http://api.map.baidu.com/place/detail?uid=48e995a626afb28c40afe698&output=html&source=placeapi_v2,,,31.114728,121.060348,城隍庙,3.4,30,48e995a626afb28c40afe698,旅游景点;文物古迹,,scope,48e995a626afb28c40afe698
0,上海市长宁区延安西路2238号,201,1,http://api.map.baidu.com/place/detail?uid=ed2483a8c9979cc9704b8773&output=html&source=placeapi_v2,,,31.207364599093,121.41013925473,新虹桥中心花园,4,,3a344af651748af4c91b95cb,旅游景点;公园,(021)62753869,scope,ed2483a8c9979cc9704b8773
0,上海市长宁区金钟路999号虹桥国际科技广场A栋1层,1,1,http://api.map.baidu.com/place/detail?uid=b6322e4feb478e2babf0cdcd&output=html&source=placeapi_v2,,,31.226784634215,121.35903643741,虹桥国际会议中心,5,,b882420793efe42a33169b08,文化传媒;展览馆,,scope,b6322e4feb478e2babf0cdcd
0,丰和路1号港务大厦西楼地下1/1层,0,1,http://api.map.baidu.com/place/detail?uid=02773176995397dc1d58006a&output=html&source=placeapi_v2,,,31.245785609795,121.5040546082,上海大自然野生昆虫馆,4.1,60,02773176995397dc1d58006a,文化传媒;展览馆,"(021)58400757,(021)58405921",scope,02773176995397dc1d58006a
0,塔城路299号,244,1,http://api.map.baidu.com/place/detail?uid=e56bf5e34f3634390782c207&output=html&source=placeapi_v2,,,31.385797712359,121.25966788781,汇龙潭,3.7,,e56bf5e34f3634390782c207,旅游景点;公园,(021)59529604,scope,e56bf5e34f3634390782c207
0,上海市浦东新区滨江大道4777号,0,1,http://api.map.baidu.com/place/detail?uid=da3881da252a65ac49fc8d11&output=html&source=placeapi_v2,,,31.222187,121.518997,上海艺仓美术馆,,,da3881da252a65ac49fc8d11,文化传媒;美术馆,,scope,da3881da252a65ac49fc8d11
0,城南路437号,233,1,http://api.map.baidu.com/place/detail?uid=881a28e7edc4c646f842b2af&output=html&source=placeapi_v2,,,31.196727077181,121.70907758243,川沙公园(南桥路),3.9,,881a28e7edc4c646f842b2af,旅游景点;公园,(021)58982285,scope,881a28e7edc4c646f842b2af
0,黄浦区人民路333号(近福佑路),299,1,http://api.map.baidu.com/place/detail?uid=c16534058baeb378aa175aab&output=html&source=placeapi_v2,,,31.233502131124,121.49923704176,古城公园,3.6,,c16534058baeb378aa175aab,旅游景点;公园,,scope,c16534058baeb378aa175aab
0,新黄路40号,12,1,http://api.map.baidu.com/place/detail?uid=669775d067ed295afd0eb0e9&output=html&source=placeapi_v2,,,31.273704815494,121.22356909282,黄渡公园,3.8,,669775d067ed295afd0eb0e9,旅游景点;公园,,scope,669775d067ed295afd0eb0e9
0,世博大道2095号,0,1,http://api.map.baidu.com/place/detail?uid=c165340559d5e160aa175ab5&output=html&source=placeapi_v2,,,31.189835295754,121.48479184,上海意大利中心,4.7,,c165340559d5e160aa175ab5,文化传媒;展览馆,,scope,c165340559d5e160aa175ab5
0,上海市杨浦区秦皇岛路32号秦皇岛码头,24,1,http://api.map.baidu.com/place/detail?uid=26a3c2490a1c204d5cbe8617&output=html&source=placeapi_v2,,,31.255974592253,121.5249839464,浦江游船,4.5,,26a3c2490a1c204d5cbe8617,旅游景点;其他,,scope,26a3c2490a1c204d5cbe8617
0,上海市徐汇区汾阳路79号1层,241,1,http://api.map.baidu.com/place/detail?uid=ace79872a7813cc2ebe582d0&output=html&source=placeapi_v2,,,31.216626212255,121.46036115235,上海工艺美术博物馆,4.4,0,ace79872a7813cc2ebe582d0,旅游景点;博物馆,(021)64372509,scope,ace79872a7813cc2ebe582d0
0,上海市浦东新区滨江大道4298号,4,1,http://api.map.baidu.com/place/detail?uid=1c49d60293594ce7601c6788&output=html&source=placeapi_v2,,,31.227319,121.516748,船长游船码头,4,,,交通设施;港口,,scope,1c49d60293594ce7601c6788
0,上海市嘉定区南翔镇,23,1,http://api.map.baidu.com/place/detail?uid=fbd6c78a043a557f94ca0785&output=html&source=placeapi_v2,,,31.288724,121.331672,银翔湖公园,4.5,,fbd6c78a043a557f94ca0785,旅游景点;公园,,scope,fbd6c78a043a557f94ca0785
0,常德路195号常德公寓,10,1,http://api.map.baidu.com/place/detail?uid=7d5c5b22990fd89952e5c5d4&output=html&source=placeapi_v2,,,31.230952,121.454075,张爱玲故居,3.8,,7d5c5b22990fd89952e5c5d4,旅游景点;文物古迹,,scope,7d5c5b22990fd89952e5c5d4
0,川沙镇黄赵路310号上海迪士尼乐园,4,1,http://api.map.baidu.com/place/detail?uid=d623056ca4ccd2c471455b05&output=html&source=placeapi_v2,,,31.151224,121.665916,七个小矮人矿山车,5.0,,d623056ca4ccd2c471455b05,旅游景点;游乐园,,scope,d623056ca4ccd2c471455b05
0,宋园路53,32,1,http://api.map.baidu.com/place/detail?uid=f696f3c2a5bef6ea1b11d562&output=html&source=placeapi_v2,,,31.201594172527,121.41987694575,宋庆龄纪念馆,4.2,,f696f3c2a5bef6ea1b11d562,旅游景点;文物古迹,,scope,f696f3c2a5bef6ea1b11d562
0,上海市宝山区真华路1151号,0,1,http://api.map.baidu.com/place/detail?uid=669775d0787b285afd0eb043&output=html&source=placeapi_v2,,,31.285477418832,121.41593950953,大华行知公园,4,,669775d0787b285afd0eb043,旅游景点;公园,,scope,669775d0787b285afd0eb043
0,静安区高平路1000号(近江场西路),169,1,http://api.map.baidu.com/place/detail?uid=75d0881ac602014c3a04b1ff&output=html&source=placeapi_v2,,,31.302359596418,121.43487017585,宝华寺,4.3,,75d0881ac602014c3a04b1ff,旅游景点;文物古迹,,scope,75d0881ac602014c3a04b1ff
0,上海市浦东新区川沙新镇闻居路50号(川南奉公路闻居路),48,1,http://api.map.baidu.com/place/detail?uid=850815e12573249a42e192b7&output=html&source=placeapi_v2,,,31.137412148765,121.76956084275,张闻天故居,4.3,,850815e12573249a42e192b7,旅游景点;文物古迹,"(021)68961738,(021)68960317",scope,850815e12573249a42e192b7
0,上海市浦东新区六灶镇会龙村101号(近南六公路),27,1,http://api.map.baidu.com/place/detail?uid=5508504d033aeecac6f025bb&output=html&source=placeapi_v2,,,31.095900820256,121.73450608808,会龙寺,4.2,,5508504d033aeecac6f025bb,旅游景点;文物古迹,,scope,5508504d033aeecac6f025bb
0,上海市黄浦区,393,1,http://api.map.baidu.com/place/detail?uid=550fd5f9ba00a678921fc996&output=html&source=placeapi_v2,,,31.229854023749,121.48428932431,淮海公园,3.9,,550fd5f9ba00a678921fc996,旅游景点;公园,,scope,550fd5f9ba00a678921fc996
0,上海市青浦区金商公路,1,1,http://api.map.baidu.com/place/detail?uid=70f915eed489ec570f0a7009&output=html&source=placeapi_v2,,,31.077284,120.914036,淀山湖旅游风景区,4.4,,70f915eed489ec570f0a7009,旅游景点;风景区,,scope,70f915eed489ec570f0a7009
0,上海市松江区园中路松江区政府北侧,0,1,http://api.map.baidu.com/place/detail?uid=eef2d528d30910a63be4a6f0&output=html&source=placeapi_v2,,,31.042186889524,121.23602323635,松江中央公园,4.2,,eef2d528d30910a63be4a6f0,旅游景点;公园,,scope,eef2d528d30910a63be4a6f0
0,金汇塘路999号,60,1,http://api.map.baidu.com/place/detail?uid=083a55faabf38760246e98c0&output=html&source=placeapi_v2,,,30.82170761499,121.52096290097,东海观音寺,4.6,,083a55faabf38760246e98c0,旅游景点;文物古迹,(021)57123999,scope,083a55faabf38760246e98c0
0,虹桥路2268号虹桥商务大厦1层,60,1,http://api.map.baidu.com/place/detail?uid=26a3d72532b9b48a3586f4ff&output=html&source=placeapi_v2,,,31.196474239481,121.38218615757,国际农业展览馆,3.5,,26a3d72532b9b48a3586f4ff,文化传媒;展览馆,,scope,26a3d72532b9b48a3586f4ff
0,思贤路与人民北路交叉口东北角,146,1,http://api.map.baidu.com/place/detail?uid=d52831f9f1ebc6a62efaa7f0&output=html&source=placeapi_v2,,,31.035920708836,121.22814127653,思贤公园,4.7,,d52831f9f1ebc6a62efaa7f0,旅游景点;公园,(021)57827380,scope,d52831f9f1ebc6a62efaa7f0
0,徐汇区瑞宁路99号(近江滨路),21,1,http://api.map.baidu.com/place/detail?uid=d4034eb36ab9cf88c0364410&output=html&source=placeapi_v2,,,31.194483717522,121.4766144329,徐汇滨江规划展示中心,3.9,,d4034eb36ab9cf88c0364410,文化传媒;展览馆,,scope,d4034eb36ab9cf88c0364410
0,静安区天目东路200号(近三号线宝山路站),157,1,http://api.map.baidu.com/place/detail?uid=89fd4ea3d0155e46e5e965fc&output=html&source=placeapi_v2,,,31.255452876929,121.48275905279,上海铁路博物馆,3.9,,89fd4ea3d0155e46e5e965fc,旅游景点;博物馆,,scope,89fd4ea3d0155e46e5e965fc
0,潘桥路198号(近安新路),45,1,http://api.map.baidu.com/place/detail?uid=083a55fafa1ed478256e988f&output=html&source=placeapi_v2,,,31.456410509028,121.32985589829,曹王禅寺,4.4,,083a55fafa1ed478256e988f,旅游景点;文物古迹,(021)39533389,scope,083a55fafa1ed478256e988f
0,上海市嘉定区江桥镇金沙江西路200号,47,1,http://api.map.baidu.com/place/detail?uid=3f621aa5edb2cdf4c7f50d88&output=html&source=placeapi_v2,,,31.2497274477,121.35063437936,万佛寺,4.3,,3f621aa5edb2cdf4c7f50d88,旅游景点;文物古迹,,scope,3f621aa5edb2cdf4c7f50d88
0,五厍农业园区西厍路8号,36,1,http://api.map.baidu.com/place/detail?uid=be54cde95abf2e5b78f7966a&output=html&source=placeapi_v2,,,30.939247044788,121.13852817116,五厍休闲农业观光园,3,,,休闲娱乐;农家院,,scope,be54cde95abf2e5b78f7966a
0,上海市浦东新区张杨路2976号,413,1,http://api.map.baidu.com/place/detail?uid=669775d02a3f6642fc0eb097&output=html&source=placeapi_v2,,,31.25334597646,121.57609718407,名人苑,3.9,,669775d02a3f6642fc0eb097,旅游景点;公园,,scope,669775d02a3f6642fc0eb097
0,上海市青浦区老朱枫公路3501号,19,1,http://api.map.baidu.com/place/detail?uid=ae41444ba50ff258b7265598&output=html&source=placeapi_v2,,,31.012808,121.052094,练塘老街,4.2,0,,旅游景点;其他,,scope,ae41444ba50ff258b7265598
0,宜川路99号,115,1,http://api.map.baidu.com/place/detail?uid=bf29b7026d225b9809b93aca&output=html&source=placeapi_v2,,,31.266044274477,121.44638954535,宜川公园,4.1,,bf29b7026d225b9809b93aca,旅游景点;公园,(021)56091770,scope,bf29b7026d225b9809b93aca
0,长阳路1111号,126,1,http://api.map.baidu.com/place/detail?uid=d7fd2ad34f73f04d0bccdd08&output=html&source=placeapi_v2,,,31.272680352863,121.53111545193,江浦公园,3.9,,d7fd2ad34f73f04d0bccdd08,旅游景点;公园,(021)65851280,scope,d7fd2ad34f73f04d0bccdd08
0,上海市浦东新区芳甸路1201号,1,1,http://api.map.baidu.com/place/detail?uid=7dda18e00898b642c7f50d44&output=html&source=placeapi_v2,,,31.218096300884,121.57106227421,上海新国际博览中心-2号入口厅,5,,7dda18e00898b642c7f50d44,文化传媒;展览馆,,scope,7dda18e00898b642c7f50d44
0,解放中路220号,14,1,http://api.map.baidu.com/place/detail?uid=cde9e2c7a34cbfade81e9710&output=html&source=placeapi_v2,,,30.923052569723,121.47317401891,古华园,3.6,,cde9e2c7a34cbfade81e9710,旅游景点;公园,,scope,cde9e2c7a34cbfade81e9710
0,上海市浦东新区世博大道1368号世博源4区L2层,697,1,http://api.map.baidu.com/place/detail?uid=6061a7f86807a2b008f5eb95&output=html&source=placeapi_v2,,F2,31.186938,121.499953,上海泰迪之家体验馆,4.5,,6061a7f86807a2b008f5eb95,教育培训;亲子教育,,scope,6061a7f86807a2b008f5eb95
0,上海市黄浦区外滩金融广场,4,1,http://api.map.baidu.com/place/detail?uid=3fa2cdc74a7997b9d3ff23e5&output=html&source=placeapi_v2,,,31.238666136492,121.49895841973,外滩牛,4.3,,3fa2cdc74a7997b9d3ff23e5,旅游景点;其他,,scope,3fa2cdc74a7997b9d3ff23e5
0,漕溪路203号(近田林东路),235,1,http://api.map.baidu.com/place/detail?uid=8d96925cddc8d444c1f1cfd9&output=html&source=placeapi_v2,,,31.178422781403,121.44159116203,漕溪公园,4.3,,8d96925cddc8d444c1f1cfd9,旅游景点;公园,,scope,8d96925cddc8d444c1f1cfd9
0,南京西路1333号,69,1,http://api.map.baidu.com/place/detail?uid=b0d056f2658ef17fcbc3db88&output=html&source=placeapi_v2,,,31.232133477052,121.45871090135,友谊会堂,4.4,,b0d056f2658ef17fcbc3db88,文化传媒;展览馆,(021)62472751,scope,b0d056f2658ef17fcbc3db88
0,上海市松江区佘山镇林湖路888号,1779,1,http://api.map.baidu.com/place/detail?uid=c52c53655941eba5283a9f95&output=html&source=placeapi_v2,,,31.10001152922,121.21465395591,玛雅海滩水公园,4.1,120,c52c53655941eba5283a9f95,旅游景点;游乐园,,scope,c52c53655941eba5283a9f95
0,上海市徐汇区淮海中路1413号,88,1,http://api.map.baidu.com/place/detail?uid=c8b5cdefab189e02130daad9&output=html&source=placeapi_v2,,,31.216574837919,121.45421694928,徐汇艺术馆,4.4,,c8b5cdefab189e02130daad9,文化传媒;美术馆,,scope,c8b5cdefab189e02130daad9
0,上海市浦东新区川沙镇迪士尼度假区明日世界内,0,1,http://api.map.baidu.com/place/detail?uid=4538be40babe7fafee74f803&output=html&source=placeapi_v2,,,31.147987,121.663287,创极速光轮-雪佛兰呈现,5.0,,4538be40babe7fafee74f803,旅游景点;游乐园,,scope,4538be40babe7fafee74f803
0,华东路3251号,31,1,http://api.map.baidu.com/place/detail?uid=72aa25132eda7d5e067ce8e5&output=html&source=placeapi_v2,,,31.255688088851,121.67368469567,上海财神庙,4.5,,72aa25132eda7d5e067ce8e5,旅游景点;文物古迹,(021)58582160,scope,72aa25132eda7d5e067ce8e5
0,上海市浦东新区蔡伦路1200号中医药大学内,111,1,http://api.map.baidu.com/place/detail?uid=bff8fa7dfee32adec9213d90&output=html&source=placeapi_v2,,,31.198554162291,121.60537256718,上海中医药大学浦东校区上海中医药博物馆,4.3,,bff8fa7dfee32adec9213d90,旅游景点;博物馆,,scope,bff8fa7dfee32adec9213d90
0,上海市浦东新区新雅路135,3,1,http://api.map.baidu.com/place/detail?uid=a5097bfafdc99262f13cbaaf&output=html&source=placeapi_v2,,,31.242544259423,121.6896655507,王港公园,3.3,,a5097bfafdc99262f13cbaaf,旅游景点;公园,,scope,a5097bfafdc99262f13cbaaf
0,上海市松江区中山中路598号,5,1,http://api.map.baidu.com/place/detail?uid=743e34870c6bb3cb1c580056&output=html&source=placeapi_v2,,,31.012877,121.232911,华亭老街,4.2,,743e34870c6bb3cb1c580056,旅游景点;其他,,scope,743e34870c6bb3cb1c580056
0,黄浦区太仓路181弄新天地北里25号(近马当路),85,1,http://api.map.baidu.com/place/detail?uid=34059f973b57dd2971455b09&output=html&source=placeapi_v2,,,31.225857214717,121.48146663819,上海新天地·石库门屋里厢博物馆,4.5,,34059f973b57dd2971455b09,旅游景点;博物馆,(021)33070337,scope,34059f973b57dd2971455b09
0,奉浦社区韩谊路515号,107,1,http://api.map.baidu.com/place/detail?uid=6fddd7fd3b58a7023517dc11&output=html&source=placeapi_v2,,,30.937684281969,121.4767781329,奉浦四季生态园,4.5,,6fddd7fd3b58a7023517dc11,旅游景点;公园,,scope,6fddd7fd3b58a7023517dc11
0,松江区中山中路666号,9,1,http://api.map.baidu.com/place/detail?uid=e85e252772e2a55295f08ce4&output=html&source=placeapi_v2,,,31.012713798457,121.23068468845,西林禅寺,3.8,,e85e252772e2a55295f08ce4,旅游景点;文物古迹,,scope,e85e252772e2a55295f08ce4
0,庆荣路398号,15,1,http://api.map.baidu.com/place/detail?uid=cc0849a022856a49940319f9&output=html&source=placeapi_v2,,,31.242405815969,121.73018747445,合庆公园,4.4,,cc0849a022856a49940319f9,旅游景点;公园,,scope,cc0849a022856a49940319f9
0,上海市嘉定区南翔镇解放街263号,138,1,http://api.map.baidu.com/place/detail?uid=b9e5d0b8fa3bffbd80a12e9c&output=html&source=placeapi_v2,,,31.296691975897,121.31324848326,留云禅寺,4.4,69,b9e5d0b8fa3bffbd80a12e9c,旅游景点;文物古迹,,scope,b9e5d0b8fa3bffbd80a12e9c
0,上海市黄浦区大境路239号,116,1,http://api.map.baidu.com/place/detail?uid=853768d92ae8106596ca071e&output=html&source=placeapi_v2,,,31.230389536079,121.4905280956,白云观,4.5,,853768d92ae8106596ca071e,旅游景点;文物古迹,,scope,853768d92ae8106596ca071e
0,青浦区公园路612号(近青安路),177,1,http://api.map.baidu.com/place/detail?uid=c165340543298b60ab175a39&output=html&source=placeapi_v2,,,31.154016242992,121.12024318766,曲水园,3.7,,c165340543298b60ab175a39,旅游景点;风景区,,scope,c165340543298b60ab175a39
0,上海市嘉定区马陆镇育英街455号,24,1,http://api.map.baidu.com/place/detail?uid=5ce2637d54f21450ae31e5e8&output=html&source=placeapi_v2,,,31.332402997061,121.28614925872,马陆公园,4,,5ce2637d54f21450ae31e5e8,旅游景点;公园,,scope,5ce2637d54f21450ae31e5e8
0,川沙镇黄赵路310号上海迪士尼乐园,1,1,http://api.map.baidu.com/place/detail?uid=a063e250b314194bcae33cdf&output=html&source=placeapi_v2,,,31.1496,121.664331,小飞侠天空奇遇,5.0,,a063e250b314194bcae33cdf,旅游景点;游乐园,,scope,a063e250b314194bcae33cdf
0,上海市浦东新区浦东南路1630号闻通商务中心1-3层,3,1,http://api.map.baidu.com/place/detail?uid=ff57780c763a7be3eee4a54e&output=html&source=placeapi_v2,,,31.225307440598,121.52523479642,实创装饰整体家居体验馆,5,,8d7e2171a6485211100daaed,购物;家居建材,,scope,ff57780c763a7be3eee4a54e
0,上海市金山区新城路16号,87,1,http://api.map.baidu.com/place/detail?uid=8fde79ccaa9975be95ca0731&output=html&source=placeapi_v2,,,30.712817178496,121.35057161835,滨海公园,5,,8fde79ccaa9975be95ca0731,旅游景点;公园,(021)57931120,scope,8fde79ccaa9975be95ca0731
0,青龙村474,52,1,http://api.map.baidu.com/place/detail?uid=56e88cba5b824b64a5c756b2&output=html&source=placeapi_v2,,,31.244725460141,121.18111596673,青龙古寺,4.4,,56e88cba5b824b64a5c756b2,旅游景点;文物古迹,(021)59716710,scope,56e88cba5b824b64a5c756b2
0,上海市徐汇区中山西路1551号,94,1,http://api.map.baidu.com/place/detail?uid=606ab0d0c32ef72b0e3ddac4&output=html&source=placeapi_v2,,,31.192362580923,121.43205578828,上海市群众艺术馆,4.3,,606ab0d0c32ef72b0e3ddac4,文化传媒;美术馆,(021)54244137,scope,606ab0d0c32ef72b0e3ddac4
0,上海市浦东新区东方路1260号(近峨山路),228,1,http://api.map.baidu.com/place/detail?uid=a3f21eeeec764d452eb17eb0&output=html&source=placeapi_v2,,,31.223276637072,121.53577786863,塘桥公园,3.4,,a3f21eeeec764d452eb17eb0,旅游景点;公园,(021)50909560,scope,a3f21eeeec764d452eb17eb0
0,上海市浦东新区碧云路633,3,1,http://api.map.baidu.com/place/detail?uid=3be122e1d6e7244b1ef74ddb&output=html&source=placeapi_v2,,,31.24857512266,121.59048733407,碧云体育公园,3.3,,3be122e1d6e7244b1ef74ddb,旅游景点;公园,,scope,3be122e1d6e7244b1ef74ddb
0,宋园路21号,0,1,http://api.map.baidu.com/place/detail?uid=cf5402f1af215016cc06a4b6&output=html&source=placeapi_v2,,,31.201583907178,121.41986300315,宋庆龄陵园,4.8,,cf5402f1af215016cc06a4b6,旅游景点;文物古迹,,scope,cf5402f1af215016cc06a4b6
0,富联路328弄28号,48,1,http://api.map.baidu.com/place/detail?uid=4642844a6c79c1d8c9fa5f69&output=html&source=placeapi_v2,,,31.36233121052,121.41811642056,太平禅寺,4.4,,4642844a6c79c1d8c9fa5f69,旅游景点;文物古迹,(021)56181655,scope,4642844a6c79c1d8c9fa5f69
0,方浜中路235号地下一层B1F(B)商铺,0,1,http://api.map.baidu.com/place/detail?uid=108b1cea7fe072b53486f4b3&output=html&source=placeapi_v2,,,31.231092928713,121.49968040134,豫安阁(方浜中路),3,,108b1cea7fe072b53486f4b3,购物;商铺,,scope,108b1cea7fe072b53486f4b3
0,上海市浦东新区世博大道旁,40,1,http://api.map.baidu.com/place/detail?uid=925c550f02ff8dcf5b3ac895&output=html&source=placeapi_v2,,,31.188615993672,121.49844612598,世博轴,4.1,,925c550f02ff8dcf5b3ac895,房地产;其他,,scope,925c550f02ff8dcf5b3ac895
0,上海市松江区石湖荡镇徐厍村徐厍公路浦江之首,29,1,http://api.map.baidu.com/place/detail?uid=661f214099a9795eadcb6654&output=html&source=placeapi_v2,,,30.967181088412,121.16694612166,浦江之首,4.5,,661f214099a9795eadcb6654,旅游景点;公园,,scope,661f214099a9795eadcb6654
0,中山中路666,2,1,http://api.map.baidu.com/place/detail?uid=e889a7447826a5b48605bff0&output=html&source=placeapi_v2,,,31.012713691293,121.23071824285,西林塔,3,,e889a7447826a5b48605bff0,旅游景点;文物古迹,(021)57813454,scope,e889a7447826a5b48605bff0
0,青浦区青浦镇华青南路1000号,44,1,http://api.map.baidu.com/place/detail?uid=f60a15edcce8bfedba17e7be&output=html&source=placeapi_v2,,,31.156205457559,121.14173729034,青浦博物馆,4.5,,f60a15edcce8bfedba17e7be,旅游景点;博物馆,(021)69719900,scope,f60a15edcce8bfedba17e7be
0,闵行区沪闵路7900号(近申南路),106,1,http://api.map.baidu.com/place/detail?uid=a5097bfafe7f9362f03cba1d&output=html&source=placeapi_v2,,,31.142254955424,121.41331332113,上海航宇科普中心,4,,a5097bfafe7f9362f03cba1d,教育培训;科技馆,(021)54809490,scope,a5097bfafe7f9362f03cba1d
0,上海市奉贤区奉新镇海湾路,38,1,http://api.map.baidu.com/place/detail?uid=4c7f5d0475d8731d2811d198&output=html&source=placeapi_v2,,,30.819796,121.527226,奉新海滩,3,,4c7f5d0475d8731d2811d198,旅游景点;海滨浴场,,scope,4c7f5d0475d8731d2811d198
0,上海市浦东新区罗山路2255弄210号(近花木路),74,1,http://api.map.baidu.com/place/detail?uid=54170843131bb237ab059d07&output=html&source=placeapi_v2,,,31.22193219264,121.58062817328,龙美术馆,4.1,50,54170843131bb237ab059d07,文化传媒;美术馆,(021)68778787,scope,54170843131bb237ab059d07
0,黄浦区中山东一路500号黄浦公园(近黄浦公园),96,1,http://api.map.baidu.com/place/detail?uid=db0d1b42ae92bbdf081cc70d&output=html&source=placeapi_v2,,,31.24730048269,121.49689879294,上海市人民英雄纪念塔,4.5,,db0d1b42ae92bbdf081cc70d,旅游景点;文物古迹,,scope,db0d1b42ae92bbdf081cc70d
0,川沙镇黄赵路310号上海迪士尼乐园,0,1,http://api.map.baidu.com/place/detail?uid=7aa662d7ccd015ad0f0e6b11&output=html&source=placeapi_v2,,,31.151733,121.668235,加勒比海盗-沉落宝藏之战,5.0,,7aa662d7ccd015ad0f0e6b11,旅游景点;游乐园,,scope,7aa662d7ccd015ad0f0e6b11
0,上海市黄浦区外滩陈毅塑像,12,1,http://api.map.baidu.com/place/detail?uid=0a46dc0f46e5e15f316212ab&output=html&source=placeapi_v2,,,31.244653431478,121.49662349643,陈毅塑像,4.6,,0a46dc0f46e5e15f316212ab,旅游景点;其他,,scope,0a46dc0f46e5e15f316212ab
0,祖冲之路419号(张江地铁口),156,1,http://api.map.baidu.com/place/detail?uid=e3a7fd1398c21f5329b97cb0&output=html&source=placeapi_v2,,,31.210859512968,121.58988007505,张江艺术公园,4.5,,e3a7fd1398c21f5329b97cb0,旅游景点;公园,,scope,e3a7fd1398c21f5329b97cb0
0,新华东路139,15,1,http://api.map.baidu.com/place/detail?uid=a5ef680f1877f3d4b9df8f6e&output=html&source=placeapi_v2,,,30.807647711766,121.29206654893,南社纪念馆,3.5,,a5ef680f1877f3d4b9df8f6e,旅游景点;文物古迹,,scope,a5ef680f1877f3d4b9df8f6e
0,曹安公路1978号,0,1,http://api.map.baidu.com/place/detail?uid=c879fa0146cf604bc909f0e8&output=html&source=placeapi_v2,,,31.261785400135,121.36324277002,百佛园,3.6,,c879fa0146cf604bc909f0e8,旅游景点;风景区,"(021)59185220,(021)69195919",scope,c879fa0146cf604bc909f0e8
0,上海市浦东新区上南路205号,55,1,http://api.map.baidu.com/place/detail?uid=fa48c03c34dd2948d22dd6e1&output=html&source=placeapi_v2,,,31.189606714554,121.50037423904,上海美术馆,4.4,,fa48c03c34dd2948d22dd6e1,文化传媒;美术馆,,scope,fa48c03c34dd2948d22dd6e1
0,川沙镇黄赵路310号上海迪士尼乐园,2,1,http://api.map.baidu.com/place/detail?uid=833756bb3545554eab059d7a&output=html&source=placeapi_v2,,,31.151778,121.665127,小熊维尼历险记,5.0,,833756bb3545554eab059d7a,旅游景点;游乐园,,scope,833756bb3545554eab059d7a
0,建国中路1号（近重庆南路）,2,1,http://api.map.baidu.com/place/detail?uid=61f634f626bede796a49f396&output=html&source=placeapi_v2,,,31.216595025848,121.47816951292,上海壹号美术馆,4.9,,61f634f626bede796a49f396,文化传媒;美术馆,"(021)54657111,(021)54669796",scope,61f634f626bede796a49f396
0,上海市黄浦区复兴中路301号,0,1,http://api.map.baidu.com/place/detail?uid=07e1fb603894902f9b68b468&output=html&source=placeapi_v2,,,31.22255394817,121.48299486697,上海银行博物馆,5,,07e1fb603894902f9b68b468,旅游景点;博物馆,,scope,07e1fb603894902f9b68b468
0,长宁区遵义路101号(紫云西路口),166,1,http://api.map.baidu.com/place/detail?uid=69fcd6dfc3433e2eca291562&output=html&source=placeapi_v2,,,31.211510055371,121.41276389143,虹桥公园,3.8,,69fcd6dfc3433e2eca291562,旅游景点;公园,,scope,69fcd6dfc3433e2eca291562
0,上海市浦东新区滨江大道2789号,0,1,http://api.map.baidu.com/place/detail?uid=70243d95ac9598d5abf0cd55&output=html&source=placeapi_v2,,,31.245454064942,121.49675744187,观光隧道,1,90,70243d95ac9598d5abf0cd55,旅游景点;其他,,scope,70243d95ac9598d5abf0cd55
0,上海市虹口区新市北路1507,102,1,http://api.map.baidu.com/place/detail?uid=fd007c5e949daf11a8f72905&output=html&source=placeapi_v2,,,31.311485401729,121.48776388468,江湾公园,4.7,,fd007c5e949daf11a8f72905,旅游景点;公园,,scope,fd007c5e949daf11a8f72905
0,上海市黄浦区自忠路170号,5,1,http://api.map.baidu.com/place/detail?uid=d6ee8724079893e1a9f0cd96&output=html&source=placeapi_v2,,,31.224669462282,121.48309762144,太平桥公园,4,,d6ee8724079893e1a9f0cd96,旅游景点;公园,,scope,d6ee8724079893e1a9f0cd96
0,中山路39号,101,1,http://api.map.baidu.com/place/detail?uid=e7050bd89801eac761685810&output=html&source=placeapi_v2,,,31.048763814259,121.759623948,古钟园,4.4,,e7050bd89801eac761685810,旅游景点;公园,13816043670,scope,e7050bd89801eac761685810
0,上海市浦东新区源深路375号(近源深体育场),85,1,http://api.map.baidu.com/place/detail?uid=f9fd6062671979060f0e6bd7&output=html&source=placeapi_v2,,,31.241562166062,121.53889786872,上海浦东清真寺,4,,f9fd6062671979060f0e6bd7,旅游景点;教堂,(021)50933289,scope,f9fd6062671979060f0e6bd7
0,上海市浦东新区年家浜东路6号,15,1,http://api.map.baidu.com/place/detail?uid=550fd5f9ba28a678921fc9be&output=html&source=placeapi_v2,,,31.120045372389,121.59606272651,永定寺,4.4,,550fd5f9ba28a678921fc9be,旅游景点;文物古迹,,scope,550fd5f9ba28a678921fc9be
0,东平路9号(近衡山路),16,1,http://api.map.baidu.com/place/detail?uid=cec896d99f7191902a02e12a&output=html&source=placeapi_v2,,,31.214771083302,121.4566818466,蒋介石故居,2.9,,cec896d99f7191902a02e12a,旅游景点;文物古迹,,scope,cec896d99f7191902a02e12a
0,上海市普陀区兰溪路225号,141,1,http://api.map.baidu.com/place/detail?uid=eec05a25269beddc4251c05e&output=html&source=placeapi_v2,,,31.251432184958,121.40889485367,真如古镇,3.8,,eec05a25269beddc4251c05e,旅游景点;风景区,(021)62546340,scope,eec05a25269beddc4251c05e
0,庄行镇一新街101号2楼,35,1,http://api.map.baidu.com/place/detail?uid=56f2f696b7f867990ba8d482&output=html&source=placeapi_v2,,,30.911754408571,121.40363804977,庄行老街,3.1,,56f2f696b7f867990ba8d482,旅游景点;文物古迹,,scope,56f2f696b7f867990ba8d482
0,剑川路2号(吴泾渡口西北侧),73,1,http://api.map.baidu.com/place/detail?uid=a1a7638f1b27babbe5e965c3&output=html&source=placeapi_v2,,,31.051639187503,121.48483392831,吴泾公园,4,,a1a7638f1b27babbe5e965c3,旅游景点;公园,,scope,a1a7638f1b27babbe5e965c3
0,上海闵行区沪闵路249号(江川路口),135,1,http://api.map.baidu.com/place/detail?uid=881a28e7ee71c746f942b260&output=html&source=placeapi_v2,,,31.013006179225,121.42940847835,闵行公园,3.9,,881a28e7ee71c746f942b260,旅游景点;公园,,scope,881a28e7ee71c746f942b260
0,浦东新区华洲南路18号(近地铁2号线远东大道站),1,1,http://api.map.baidu.com/place/detail?uid=5c56edd653a95d43a0d230b0&output=html&source=placeapi_v2,,,31.191124347782,121.78128372966,浦东观赏鱼中心,3.7,,5c56edd653a95d43a0d230b0,旅游景点;水族馆,,scope,5c56edd653a95d43a0d230b0
0,浦东新区张江路69号(近丹桂路),566,1,http://api.map.baidu.com/place/detail?uid=49d95938ba2f413dc61e51ca&output=html&source=placeapi_v2,,,31.218490050851,121.61818738127,上海动画博物馆,4.3,,49d95938ba2f413dc61e51ca,旅游景点;博物馆,(021)58957998,scope,49d95938ba2f413dc61e51ca
0,上海市黄浦区虎丘路20号,296,1,http://api.map.baidu.com/place/detail?uid=5211d2199900285a7cc87686&output=html&source=placeapi_v2,,,31.246935184244,121.49402869336,上海外滩美术馆,4.4,268,5211d2199900285a7cc87686,文化传媒;美术馆,,scope,5211d2199900285a7cc87686
0,花山路482号,78,1,http://api.map.baidu.com/place/detail?uid=6ed3083a8dc32db62a3a9fab&output=html&source=placeapi_v2,,,31.351326351873,121.58040168352,高桥公园,3.5,,6ed3083a8dc32db62a3a9fab,旅游景点;公园,(021)58676058,scope,6ed3083a8dc32db62a3a9fab
0,博乐路215号(清河路口),67,1,http://api.map.baidu.com/place/detail?uid=a9ee95baf3db507eebe582a9&output=html&source=placeapi_v2,,,31.392041235658,121.25828808336,嘉定博物馆,4.6,,a9ee95baf3db507eebe582a9,旅游景点;博物馆,,scope,a9ee95baf3db507eebe582a9
0,上海市松江区莱乐东路78号,193,1,http://api.map.baidu.com/place/detail?uid=64ff3be1a36a9fc690114c10&output=html&source=placeapi_v2,,,31.08005338082,121.15457855323,佘山国家森林公园天马山园,4.4,,64ff3be1a36a9fc690114c10,旅游景点;公园,,scope,64ff3be1a36a9fc690114c10
0,上海市崇明区陈家镇瀛东村,27,1,http://api.map.baidu.com/place/detail?uid=93df0dc301fd7c28882fb5d2&output=html&source=placeapi_v2,,,31.470055304516,121.85106642379,东湖游览区,4.3,24,,旅游景点;文物古迹,,scope,93df0dc301fd7c28882fb5d2
0,上海市浦东新区新园路998号,83,1,http://api.map.baidu.com/place/detail?uid=f55a8663c3fa524db54f5423&output=html&source=placeapi_v2,,,31.315129752027,121.64415550622,高东生态园,3.4,,f55a8663c3fa524db54f5423,旅游景点;公园,,scope,f55a8663c3fa524db54f5423
0,航新路600号,43,1,http://api.map.baidu.com/place/detail?uid=d24e48eb36de61b5afee7a1e&output=html&source=placeapi_v2,,,31.179693866102,121.35211827227,航华公园,4.3,,d24e48eb36de61b5afee7a1e,旅游景点;公园,,scope,d24e48eb36de61b5afee7a1e
0,上海市普陀区真北路1108号红星美凯龙真北店5层,113,1,http://api.map.baidu.com/place/detail?uid=45197748c7685e240482c29c&output=html&source=placeapi_v2,,,31.243754,121.391214,公元2050体验馆,4.1,40,45197748c7685e240482c29c,旅游景点;其他,,scope,45197748c7685e240482c29c
0,九江路219号(近江西中路),54,1,http://api.map.baidu.com/place/detail?uid=4639bd4e9955dedf8b36ee9f&output=html&source=placeapi_v2,,,31.242559696595,121.49255037264,圣三一堂,4,,4639bd4e9955dedf8b36ee9f,旅游景点;教堂,,scope,4639bd4e9955dedf8b36ee9f
0,枫桥路50号(近梅岭北路),83,1,http://api.map.baidu.com/place/detail?uid=251374c9ab7ff53da11de91f&output=html&source=placeapi_v2,,,31.24679689332,121.41514908031,曹杨公园,4,,251374c9ab7ff53da11de91f,旅游景点;公园,(021)62547793,scope,251374c9ab7ff53da11de91f
0,中山东二路531号(外滩十六铺观光码头商城B2层),,1,http://api.map.baidu.com/place/detail?uid=7e1d9cb0e06245571d580046&output=html&source=placeapi_v2,,,31.233580002255,121.50429525186,上海外滩星空艺术馆,,,7e1d9cb0e06245571d580046,文化传媒;展览馆,,scope,7e1d9cb0e06245571d580046
0,上海市松江区外青松公路9142号上海佘山国家森林公园西佘山园内,197,1,http://api.map.baidu.com/place/detail?uid=6108521172c528a0c51b75c7&output=html&source=placeapi_v2,,,31.1032884966,121.20198123309,上海天文台,4.2,,,旅游景点;其他,,scope,6108521172c528a0c51b75c7
0,中山南二路811,103,1,http://api.map.baidu.com/place/detail?uid=a13e0f0091452b1117a19047&output=html&source=placeapi_v2,,,31.192397020256,121.46064505822,东安公园,4.4,,a13e0f0091452b1117a19047,旅游景点;公园,(021)64274531,scope,a13e0f0091452b1117a19047
0,上海市浦东新区乐林路3临,2,1,http://api.map.baidu.com/place/detail?uid=15ed53cec8206d2a9222e06f&output=html&source=placeapi_v2,,,31.282986642856,121.61180199933,金桥市民体育休闲公园,2,,15ed53cec8206d2a9222e06f,旅游景点;公园,,scope,15ed53cec8206d2a9222e06f
0,浦东新区川六公路2099号,14,1,http://api.map.baidu.com/place/detail?uid=b9e5d0b88c37b1a580a12ef0&output=html&source=placeapi_v2,,,31.16208155326,121.740119495,小普陀寺,4,,b9e5d0b88c37b1a580a12ef0,旅游景点;文物古迹,,scope,b9e5d0b88c37b1a580a12ef0
0,紫薇路60号(近古桐南路),92,1,http://api.map.baidu.com/place/detail?uid=6835e3a7c123a24fe21103b0&output=html&source=placeapi_v2,,,31.20643012758,121.62093031133,紫薇公园,4.4,,6835e3a7c123a24fe21103b0,旅游景点;公园,(021)58956685,scope,6835e3a7c123a24fe21103b0
0,华漕镇东华美路5号,34,1,http://api.map.baidu.com/place/detail?uid=4cf8d24e7f6d00e59cf7791e&output=html&source=placeapi_v2,,,31.22589253972,121.3384468098,华漕公园,3.9,,4cf8d24e7f6d00e59cf7791e,旅游景点;公园,,scope,4cf8d24e7f6d00e59cf7791e
0,黄浦区吉安路271号(近复兴中路),91,1,http://api.map.baidu.com/place/detail?uid=f60a15edf3c0bcedba17e796&output=html&source=placeapi_v2,,,31.223738835953,121.48780963179,法藏讲寺,3.5,,f60a15edf3c0bcedba17e796,旅游景点;文物古迹,,scope,f60a15edf3c0bcedba17e796
0,闵行区临沧路148号(东川路江川路间),103,1,http://api.map.baidu.com/place/detail?uid=c7fb04bd1f233d14fa0cad60&output=html&source=placeapi_v2,,,31.008587098223,121.39407838135,古藤园,4.4,,c7fb04bd1f233d14fa0cad60,旅游景点;公园,,scope,c7fb04bd1f233d14fa0cad60
0,上海市黄浦区豫园商城内,17,1,http://api.map.baidu.com/place/detail?uid=98a3df836e8650d6ab175a2e&output=html&source=placeapi_v2,,,31.232360727227,121.49811265251,九曲桥,4,,98a3df836e8650d6ab175a2e,旅游景点;风景区,,scope,98a3df836e8650d6ab175a2e
0,上海市长宁区定西路1118号(近武夷路),9,1,http://api.map.baidu.com/place/detail?uid=5b4fd37674e1e42817948e59&output=html&source=placeapi_v2,,,31.218555008628,121.4296489709,上海市武夷坊创意园,4.3,,5b4fd37674e1e42817948e59,公司企业;园区,,scope,5b4fd37674e1e42817948e59
0,上海市青浦区朱家角镇西淀山湖畔淀峰村452号,3,1,http://api.map.baidu.com/place/detail?uid=f757e6eea1fabc16270bd0b8&output=html&source=placeapi_v2,,,31.095453181718,120.98810048704,报国寺,3.7,,f757e6eea1fabc16270bd0b8,旅游景点;文物古迹,"(021)69247826,(021)69247264",scope,f757e6eea1fabc16270bd0b8
0,浦星公路与城南路交叉口西南角,53,1,http://api.map.baidu.com/place/detail?uid=5a6ae152d078658f373a71a5&output=html&source=placeapi_v2,,,31.097399653643,121.51215139887,陈行公园,4.6,,5a6ae152d078658f373a71a5,旅游景点;公园,,scope,5a6ae152d078658f373a71a5
0,上海市虹口区中山北一路880-1号-临,2,1,http://api.map.baidu.com/place/detail?uid=fa01e937cf59354b774ff131&output=html&source=placeapi_v2,,,31.293689055675,121.49130172798,精武体育公园,5,,fa01e937cf59354b774ff131,旅游景点;公园,,scope,fa01e937cf59354b774ff131
0,华坪路,25,1,http://api.map.baidu.com/place/detail?uid=5211d219899138597dc87614&output=html&source=placeapi_v2,,,31.008789164281,121.43720577017,龙音寺,4.3,,5211d219899138597dc87614,旅游景点;文物古迹,,scope,5211d219899138597dc87614
0,广兰路965号(近紫薇路),0,1,http://api.map.baidu.com/place/detail?uid=448f7f556a7fd13ad5b74ed9&output=html&source=placeapi_v2,,,31.213772662901,121.62553552034,广兰公园,4.6,,448f7f556a7fd13ad5b74ed9,旅游景点;公园,,scope,448f7f556a7fd13ad5b74ed9
0,奉城北街189号,30,1,http://api.map.baidu.com/place/detail?uid=b703e96b828c77fb8f1a8934&output=html&source=placeapi_v2,,,30.924401571081,121.65288892312,万佛阁,4.4,,b703e96b828c77fb8f1a8934,旅游景点;文物古迹,,scope,b703e96b828c77fb8f1a8934
0,上海市静安区茂名北路120弄59号,3,1,http://api.map.baidu.com/place/detail?uid=74c933fb5e9b5e5f9f82ea88&output=html&source=placeapi_v2,,,31.232294885354,121.46665691394,上海毛泽东旧居(装修),3.8,,74c933fb5e9b5e5f9f82ea88,旅游景点;文物古迹,,scope,74c933fb5e9b5e5f9f82ea88
0,浦江镇联跃路100号（浦星公路三鲁路间）,94,1,http://api.map.baidu.com/place/detail?uid=161a0ed2b094c7515cd4fe63&output=html&source=placeapi_v2,,,31.052036393777,121.52644790681,浦江森林公园,3.9,,161a0ed2b094c7515cd4fe63,旅游景点;公园,,scope,161a0ed2b094c7515cd4fe63
0,沔新路599号,25,1,http://api.map.baidu.com/place/detail?uid=e56bf5e38ec9f35d0782c251&output=html&source=placeapi_v2,,,31.151133828004,121.64442903935,益大本草园,3.8,,e56bf5e38ec9f35d0782c251,公司企业;农林园艺,,scope,e56bf5e38ec9f35d0782c251
0,上海市浦东新区川沙新镇黄楼新春路20号,59,1,http://api.map.baidu.com/place/detail?uid=4ae252cd029e0ebfd5b74eab&output=html&source=placeapi_v2,,,31.169309020457,121.69977594918,上海游龙石文化科普馆,3.4,40,4ae252cd029e0ebfd5b74eab,教育培训;科技馆,,scope,4ae252cd029e0ebfd5b74eab
0,建国中路20-22号,0,1,http://api.map.baidu.com/place/detail?uid=637df60ab4e3527341afe696&output=html&source=placeapi_v2,,,31.215651104075,121.47594400773,法租界会审公廨旧址,3.5,,637df60ab4e3527341afe696,旅游景点;文物古迹,,scope,637df60ab4e3527341afe696
0,东厍村东团366临,6,1,http://api.map.baidu.com/place/detail?uid=cac5fc765c0dc9f22db96dbb&output=html&source=placeapi_v2,,,30.963255107195,121.03811385471,庄严寺,3.8,,cac5fc765c0dc9f22db96dbb,旅游景点;文物古迹,,scope,cac5fc765c0dc9f22db96dbb
0,上海市浦东新区上海迪士尼乐园内,1,1,http://api.map.baidu.com/place/detail?uid=d24d0e24f65a42b8b9df8fa7&output=html&source=placeapi_v2,,,31.15061,121.663588,冰雪奇缘-欢唱盛会,4.5,,,休闲娱乐;剧院,,scope,d24d0e24f65a42b8b9df8fa7
0,闵行区闵城路180号(近珠城路),125,1,http://api.map.baidu.com/place/detail?uid=c61bd305059c3969c27da21d&output=html&source=placeapi_v2,,,31.110414894884,121.39472464839,莘城中央公园,4.3,,c61bd305059c3969c27da21d,旅游景点;公园,,scope,c61bd305059c3969c27da21d
0,苗江路800号对面,6,1,http://api.map.baidu.com/place/detail?uid=f130b3c828d08b93e5e96599&output=html&source=placeapi_v2,,,31.202254488822,121.49844437877,中国船舶馆,5,,f130b3c828d08b93e5e96599,文化传媒;展览馆,,scope,f130b3c828d08b93e5e96599
0,上海市青浦区,4,1,http://api.map.baidu.com/place/detail?uid=6a4d36fe46c50119f32d833f&output=html&source=placeapi_v2,,,31.074647073984,121.01347255125,上海西郊淀山湖湿地,4.3,,,旅游景点,,scope,6a4d36fe46c50119f32d833f
0,汾西路580号(近平顺路),0,1,http://api.map.baidu.com/place/detail?uid=8eb48fa1f32617a7f32d83ff&output=html&source=placeapi_v2,,,31.319769905727,121.46272077096,岭南公园,4,,8eb48fa1f32617a7f32d83ff,旅游景点;公园,,scope,8eb48fa1f32617a7f32d83ff
0,上海市徐汇区华泾路858号,45,1,http://api.map.baidu.com/place/detail?uid=fd007c5e74640f12a8f7296c&output=html&source=placeapi_v2,,,31.126315161333,121.45541442286,宁国禅寺,3,,fd007c5e74640f12a8f7296c,旅游景点;文物古迹,,scope,fd007c5e74640f12a8f7296c
0,上海市浦东新区川新川路218号,10,1,http://api.map.baidu.com/place/detail?uid=fbd2590f910f403e83a00c2f&output=html&source=placeapi_v2,,,31.200889214667,121.71152009936,黄炎培故居,4.5,,fbd2590f910f403e83a00c2f,旅游景点;文物古迹,(021)58921865,scope,fbd2590f910f403e83a00c2f
0,长宁区华山路(幸福路口),99,1,http://api.map.baidu.com/place/detail?uid=735ab8d91d603d916c3e1b1c&output=html&source=placeapi_v2,,,31.211774152275,121.43983731843,华山绿地,3.8,,735ab8d91d603d916c3e1b1c,旅游景点;公园,,scope,735ab8d91d603d916c3e1b1c
0,凉城路800号(近车站北路),101,1,http://api.map.baidu.com/place/detail?uid=dfc496b6db0524ae8936ee31&output=html&source=placeapi_v2,,,31.303932003471,121.47765803842,凉城公园,4,,dfc496b6db0524ae8936ee31,旅游景点;公园,"(021)65290133,(021)65299547",scope,dfc496b6db0524ae8936ee31
0,上海市浦东新区长青路11号,139,1,http://api.map.baidu.com/place/detail?uid=e889a74479fba4b48705bfb7&output=html&source=placeapi_v2,,,31.178916135455,121.49482432165,长青公园,4.2,,e889a74479fba4b48705bfb7,旅游景点;公园,,scope,e889a74479fba4b48705bfb7
0,近郊金山区亭林镇华亭路51号(寺平北路寺平南路),24,1,http://api.map.baidu.com/place/detail?uid=d305db1fe4643f3f932ca330&output=html&source=placeapi_v2,,,30.889148226908,121.31871109883,亭林公园,4.5,,d305db1fe4643f3f932ca330,旅游景点;公园,,scope,d305db1fe4643f3f932ca330
0,上海市闵行区秀文路118号,83,1,http://api.map.baidu.com/place/detail?uid=3f826ed3d2b95547d1f49e1d&output=html&source=placeapi_v2,,,31.135573160556,121.3852288917,黎安公园,4.1,,3f826ed3d2b95547d1f49e1d,旅游景点;公园,(021)64599037,scope,3f826ed3d2b95547d1f49e1d
0,鳌山路679,83,1,http://api.map.baidu.com/place/detail?uid=e93761f698bd880d223bf255&output=html&source=placeapi_v2,,,31.624269057895,121.40760637455,瀛洲公园,4.4,,e93761f698bd880d223bf255,旅游景点;公园,,scope,e93761f698bd880d223bf255
0,纪高路600,24,1,http://api.map.baidu.com/place/detail?uid=d5464cf8eac84856fda7781e&output=html&source=placeapi_v2,,,31.243405711024,121.27620691125,纪王公园,3.7,,d5464cf8eac84856fda7781e,旅游景点;公园,(021)62960244,scope,d5464cf8eac84856fda7781e
0,上海市嘉定区嘉罗公路1022号(近环城路),,1,http://api.map.baidu.com/place/detail?uid=6c30f08ad410045f8bb9889f&output=html&source=placeapi_v2,,,31.398206333069,121.26570128221,雅昌艺术中心,4.5,,6c30f08ad410045f8bb9889f,教育培训;培训机构,,scope,6c30f08ad410045f8bb9889f
0,川沙镇黄赵路310号上海迪士尼乐园,2,1,http://api.map.baidu.com/place/detail?uid=eccd626bcc675c09dbecedfc&output=html&source=placeapi_v2,,,31.150785,121.665897,爱丽丝梦游仙境迷宫入口,4.5,,eccd626bcc675c09dbecedfc,出入口;其他,,scope,eccd626bcc675c09dbecedfc
0,上海市浦东新区华洲路1号,141,1,http://api.map.baidu.com/place/detail?uid=aa495abacd0ce61f6140a930&output=html&source=placeapi_v2,,,31.183265535091,121.7901294042,上海地质科普馆,4.4,40,aa495abacd0ce61f6140a930,教育培训;科技馆,,scope,aa495abacd0ce61f6140a930
0,张衡路2380号(近益江路),40,1,http://api.map.baidu.com/place/detail?uid=7e6fd3d9c5eeebce008972f5&output=html&source=placeapi_v2,,,31.200227813912,121.63504110179,张衡公园,4,,7e6fd3d9c5eeebce008972f5,旅游景点;公园,,scope,7e6fd3d9c5eeebce008972f5
0,上海市宝山区月浦镇练祁路688号,6,1,http://api.map.baidu.com/place/detail?uid=98a3c14ea65df8c3af31e5a6&output=html&source=placeapi_v2,,,31.434970711639,121.40271083859,甘露寺,3.5,,98a3c14ea65df8c3af31e5a6,旅游景点;文物古迹,,scope,98a3c14ea65df8c3af31e5a6
0,静安区常德路418号(近新闸路),21,1,http://api.map.baidu.com/place/detail?uid=0041fa664313f844d22dd690&output=html&source=placeapi_v2,,,31.234585995844,121.45321945736,上海佛教居士林,5,,0041fa664313f844d22dd690,旅游景点;文物古迹,(021)62794445,scope,0041fa664313f844d22dd690
0,政民路507号同济大学附属上海市肺科医院叶家花园,62,1,http://api.map.baidu.com/place/detail?uid=b0c1cb52074713283686f474&output=html&source=placeapi_v2,,,31.308980063958,121.50915572696,上海市肺科医院-叶家花园,3,,b0c1cb52074713283686f474,旅游景点;公园,(021)65115006,scope,b0c1cb52074713283686f474
0,新川路171号川沙古城墙公园,59,1,http://api.map.baidu.com/place/detail?uid=c2e03d567b2458d4843304e2&output=html&source=placeapi_v2,,,31.201294759592,121.71314725673,川沙古城墙公园,3.9,,c2e03d567b2458d4843304e2,旅游景点;公园,,scope,c2e03d567b2458d4843304e2
0,上海市闵行区吴中路1799号,6,1,http://api.map.baidu.com/place/detail?uid=76480e8a46be0b738b2fb505&output=html&source=placeapi_v2,,,31.175834416391,121.3723073221,上海地铁博物馆,4.2,,76480e8a46be0b738b2fb505,旅游景点;博物馆,,scope,76480e8a46be0b738b2fb505
0,新场镇新环南路269号,48,1,http://api.map.baidu.com/place/detail?uid=7847ea83b394e54a3f9a5ec2&output=html&source=placeapi_v2,,,31.020588594403,121.65539519549,南山古寺,4.4,,7847ea83b394e54a3f9a5ec2,旅游景点;文物古迹,,scope,7847ea83b394e54a3f9a5ec2
0,上海市崇明区东门路187号,14,1,http://api.map.baidu.com/place/detail?uid=69fcd6dfa20c1f51ca2915d2&output=html&source=placeapi_v2,,,31.629143998731,121.40888029304,寒山寺,4,,69fcd6dfa20c1f51ca2915d2,旅游景点;文物古迹,,scope,69fcd6dfa20c1f51ca2915d2
0,奉贤区奉贤区南桥镇(西渡学校附近),14,1,http://api.map.baidu.com/place/detail?uid=3f5e5da2339250354afc8db0&output=html&source=placeapi_v2,,,30.994577954952,121.44694836324,西渡公园,3.5,,3f5e5da2339250354afc8db0,旅游景点;公园,,scope,3f5e5da2339250354afc8db0
0,静安区陕西北路375号(近北京西路),0,1,http://api.map.baidu.com/place/detail?uid=ddaabbadf1d699f0b6147f40&output=html&source=placeapi_v2,,,31.23580569043,121.45978018764,上海市基督教怀恩堂,4.5,,ddaabbadf1d699f0b6147f40,旅游景点;教堂,,scope,ddaabbadf1d699f0b6147f40
0,鲁班路909号附近,4,1,http://api.map.baidu.com/place/detail?uid=ac633c145252c38c58f6bebe&output=html&source=placeapi_v2,,,31.198641,121.485706,卢浦大桥观光平台,4.3,,ac633c145252c38c58f6bebe,旅游景点,,scope,ac633c145252c38c58f6bebe
0,川沙镇黄赵路310号上海迪士尼乐园,2,1,http://api.map.baidu.com/place/detail?uid=946b20e767781a7ac72ba10d&output=html&source=placeapi_v2,,,31.148459808381,121.66094194725,明日世界,5,,946b20e767781a7ac72ba10d,旅游景点;游乐园,,scope,946b20e767781a7ac72ba10d
0,源深路476,92,1,http://api.map.baidu.com/place/detail?uid=56c0698b346a62e716c905a6&output=html&source=placeapi_v2,,,31.239595507323,121.53954717382,钦赐仰殿,4.5,,56c0698b346a62e716c905a6,旅游景点;文物古迹,,scope,56c0698b346a62e716c905a6
0,闵行区吴中路1218号卜蜂莲花对面(合川路),121,1,http://api.map.baidu.com/place/detail?uid=ce8a412240cfc687eb12e455&output=html&source=placeapi_v2,,,31.18277,121.387807,洛克公园(吴中路店),4.4,,ce8a412240cfc687eb12e455,运动健身;体育场馆,,scope,ce8a412240cfc687eb12e455
0,上海市黄浦区蒙自路823号,824,1,http://api.map.baidu.com/place/detail?uid=9fbcd6d64f316bbcd12dd67f&output=html&source=placeapi_v2,,,31.200252187101,121.48961460873,上海世博会纪念展,3.9,,9fbcd6d64f316bbcd12dd67f,文化传媒;展览馆,(021)63326262,scope,9fbcd6d64f316bbcd12dd67f
0,沪太路4788号（地铁7号线顾村公园站））,1914,1,http://api.map.baidu.com/place/detail?uid=421975a969098a3f26e0a082&output=html&source=placeapi_v2,,,31.34898,121.380367,自然谷恐龙园,,,421975a969098a3f26e0a082,旅游景点;其他,,scope,421975a969098a3f26e0a082
0,上海市闵行区颛盛路525号,10,1,http://api.map.baidu.com/place/detail?uid=d219bb1ddde3cc92f40e77f0&output=html&source=placeapi_v2,,,31.06784949713,121.3972763283,颛桥公园,4.3,,d219bb1ddde3cc92f40e77f0,旅游景点;公园,,scope,d219bb1ddde3cc92f40e77f0
0,环湖西一路1号,1,1,http://api.map.baidu.com/place/detail?uid=8aa6a578b66fd1662a02e189&output=html&source=placeapi_v2,,,30.911902,121.938025,滴水湖1号码头,5,,8aa6a578b66fd1662a02e189,旅游景点;其他,,scope,8aa6a578b66fd1662a02e189
0,余姚路50号,4,1,http://api.map.baidu.com/place/detail?uid=d977759e89c5c201a8059d4f&output=html&source=placeapi_v2,,,31.242810489928,121.44989971186,巴塞当代美术馆,4.5,,d977759e89c5c201a8059d4f,文化传媒;美术馆,(021)62898879,scope,d977759e89c5c201a8059d4f
0,罗店镇市一路88号,62,1,http://api.map.baidu.com/place/detail?uid=a7c56ee078b61acda3acc405&output=html&source=placeapi_v2,,,31.422758072052,121.35867057913,罗溪公园,5,,a7c56ee078b61acda3acc405,旅游景点;公园,(021)56866820,scope,a7c56ee078b61acda3acc405
0,浦东新区德州路198号,83,1,http://api.map.baidu.com/place/detail?uid=435d7aeab89ae9345bbbbcb7&output=html&source=placeapi_v2,,,31.174227657374,121.50402235204,上南公园,3.5,,435d7aeab89ae9345bbbbcb7,旅游景点;公园,,scope,435d7aeab89ae9345bbbbcb7
0,共江路152号(近爱晖路),132,1,http://api.map.baidu.com/place/detail?uid=d82d669784b188a7d518b743&output=html&source=placeapi_v2,,,31.345209450006,121.45735812512,泗塘公园,4.1,,d82d669784b188a7d518b743,旅游景点;公园,,scope,d82d669784b188a7d518b743
0,上海市宝山区宝杨路,2,1,http://api.map.baidu.com/place/detail?uid=ae4b6e4c7e76760c8e7727ef&output=html&source=placeapi_v2,,,31.415046643693,121.50365677673,宝山滨江公园,4.5,,ae4b6e4c7e76760c8e7727ef,旅游景点;公园,,scope,ae4b6e4c7e76760c8e7727ef
0,上海市徐汇区蒲汇塘路55-1号临(近漕溪北路),0,1,http://api.map.baidu.com/place/detail?uid=46e86fdda5ad0111d13ce34f&output=html&source=placeapi_v2,,,31.192745255706,121.44155177403,土山湾博物馆,4.2,,46e86fdda5ad0111d13ce34f,旅游景点;博物馆,(021)54249688,scope,46e86fdda5ad0111d13ce34f
0,澳门路300,29,1,http://api.map.baidu.com/place/detail?uid=00f1c7fbe86af41ec056acc9&output=html&source=placeapi_v2,,,31.253254046703,121.44899538591,顾正红纪念馆,4.2,,00f1c7fbe86af41ec056acc9,旅游景点;文物古迹,,scope,00f1c7fbe86af41ec056acc9
0,上海市嘉定区海波路,2,1,http://api.map.baidu.com/place/detail?uid=9b8d7117d73606e9882fb5e2&output=html&source=placeapi_v2,,,31.273202799017,121.34783511566,海波公园,5,,9b8d7117d73606e9882fb5e2,旅游景点;公园,,scope,9b8d7117d73606e9882fb5e2
0,静安区延安西路458号（近镇宁路）,1,1,http://api.map.baidu.com/place/detail?uid=b9e5d0b8fa1effbd80a12e83&output=html&source=placeapi_v2,,,31.224064137393,121.44446407869,圆明讲堂(延安西路),5,,b9e5d0b8fa1effbd80a12e83,旅游景点;文物古迹,,scope,b9e5d0b8fa1effbd80a12e83
0,启明村东川公路1号,9,1,http://api.map.baidu.com/place/detail?uid=24d05508333560ae12882468&output=html&source=placeapi_v2,,,31.281103939807,121.70290779651,龙王庙,5,,24d05508333560ae12882468,旅游景点;文物古迹,,scope,24d05508333560ae12882468
0,辰花公路388号(辰花公路和沪松公路交汇处),147,1,http://api.map.baidu.com/place/detail?uid=a12baa407772534fe856fac3&output=html&source=placeapi_v2,,,31.073561847479,121.26151749346,松江青青旅游世界,2.5,,a12baa407772534fe856fac3,旅游景点;其他,,scope,a12baa407772534fe856fac3
0,七莘路1664号,2,1,http://api.map.baidu.com/place/detail?uid=60ac9cf8ef338c5ec17da236&output=html&source=placeapi_v2,,,31.140127370101,121.36996090588,七宝丰盛堂,5,,60ac9cf8ef338c5ec17da236,旅游景点;教堂,,scope,60ac9cf8ef338c5ec17da236
0,唐城路303号,8,1,http://api.map.baidu.com/place/detail?uid=e96b4420b3ea735882288a34&output=html&source=placeapi_v2,,,30.934854450996,121.70635714684,洪福寺,4.7,,e96b4420b3ea735882288a34,旅游景点;文物古迹,(021)57132124,scope,e96b4420b3ea735882288a34
0,浦东新区丹桂路700号(近青桐路),4,1,http://api.map.baidu.com/place/detail?uid=56f2f69660a636810aa8d47c&output=html&source=placeapi_v2,,,31.221426723752,121.63247050266,感恩堂,4.5,,56f2f69660a636810aa8d47c,旅游景点;教堂,,scope,56f2f69660a636810aa8d47c
0,运乐路188号,44,1,http://api.map.baidu.com/place/detail?uid=1eeed546757ed2f3b5147f1e&output=html&source=placeapi_v2,,,31.214061028746,121.29410478257,诸翟公园,4.2,,1eeed546757ed2f3b5147f1e,旅游景点;公园,,scope,1eeed546757ed2f3b5147f1e
0,上海市青浦区朱家角镇西井街119号(近涌泉桥),209,1,http://api.map.baidu.com/place/detail?uid=22d43150bb0aaeacae0457e5&output=html&source=placeapi_v2,,,31.120443099818,121.06033325825,课植园,4.3,30,22d43150bb0aaeacae0457e5,旅游景点;风景区,,scope,22d43150bb0aaeacae0457e5
0,上海市松江区林湖路,11,1,http://api.map.baidu.com/place/detail?uid=eee328e3d6ae3ae4b6f42ffd&output=html&source=placeapi_v2,,,31.10032533187,121.2148115178,玛雅水上乐园,3.9,,eee328e3d6ae3ae4b6f42ffd,旅游景点;游乐园,,scope,eee328e3d6ae3ae4b6f42ffd
0,汉中路188号上海青年创业大厦中楼4层,52,1,http://api.map.baidu.com/place/detail?uid=0dc3d82da1d35e1275e5b65b&output=html&source=placeapi_v2,,,31.248457806391,121.46393465861,上海市禁毒科普教育馆,4,,0dc3d82da1d35e1275e5b65b,教育培训;科技馆,(021)63533334,scope,0dc3d82da1d35e1275e5b65b
0,上海市浦东新区丁香路425号上海东方艺术中心内4层。,664,1,http://api.map.baidu.com/place/detail?uid=40be783f6296b6b6cc06a4b9&output=html&source=placeapi_v2,,,31.22860668057,121.54855243653,八音盒珍品陈列馆,4.6,,40be783f6296b6b6cc06a4b9,文化传媒;展览馆,(021)68547647,scope,40be783f6296b6b6cc06a4b9
0,华严塔路58,21,1,http://api.map.baidu.com/place/detail?uid=72e57fd7e0a869aef8dc852b&output=html&source=placeapi_v2,,,30.904665956189,121.25256805565,松隐禅寺,4.6,,72e57fd7e0a869aef8dc852b,旅游景点;文物古迹,"(021)57381384,(021)57383400",scope,72e57fd7e0a869aef8dc852b
0,上海市崇明区鳌山路679号瀛洲公园内,52,1,http://api.map.baidu.com/place/detail?uid=341c35de9321fba7e70738f0&output=html&source=placeapi_v2,,,31.622247850251,121.40691544556,崇明沿江观光大堤,4.2,,341c35de9321fba7e70738f0,旅游景点;风景区,,scope,341c35de9321fba7e70738f0
0,长宁区天山西路455号(近淞虹路),104,1,http://api.map.baidu.com/place/detail?uid=75036835de27fcae5e0d0260&output=html&source=placeapi_v2,,,31.223767979779,121.36862993961,新泾公园,4,,75036835de27fcae5e0d0260,旅游景点;公园,(021)62394714,scope,75036835de27fcae5e0d0260
0,川沙镇黄赵路310号上海迪士尼乐园,2,1,http://api.map.baidu.com/place/detail?uid=2a05a526b33be53bf02d830e&output=html&source=placeapi_v2,,,31.14721,121.664262,巴斯光年星际营救,4.0,,2a05a526b33be53bf02d830e,旅游景点;游乐园,,scope,2a05a526b33be53bf02d830e
0,上海市长宁区番禺路129号,63,1,http://api.map.baidu.com/place/detail?uid=360ff8e75140bfbf4f6d46e8&output=html&source=placeapi_v2,,,31.214190536482,121.43583517785,邬达克纪念馆,4,,360ff8e75140bfbf4f6d46e8,旅游景点;文物古迹,,scope,360ff8e75140bfbf4f6d46e8
0,浦东新区合庆镇庆丰村龙东大道6907号(东川公路口),20,1,http://api.map.baidu.com/place/detail?uid=f3c2373c6633e753d22dd67c&output=html&source=placeapi_v2,,,31.248081643033,121.72232299207,庆云寺,4.8,,f3c2373c6633e753d22dd67c,旅游景点;文物古迹,,scope,f3c2373c6633e753d22dd67c
0,闵行区七宝镇新镇路1205号,70,1,http://api.map.baidu.com/place/detail?uid=48eb0058549d52ac2fe67b0f&output=html&source=placeapi_v2,,,31.161139054154,121.36528947738,七宝教寺,3.8,,48eb0058549d52ac2fe67b0f,旅游景点;文物古迹,021-54861957,scope,48eb0058549d52ac2fe67b0f
0,长宁区仙霞路505号(近水城路),113,1,http://api.map.baidu.com/place/detail?uid=2a7a25ec3d7ed7626c3e1b62&output=html&source=placeapi_v2,,,31.211585940162,121.39658097876,水霞公园,4.1,,2a7a25ec3d7ed7626c3e1b62,旅游景点;公园,,scope,2a7a25ec3d7ed7626c3e1b62
0,杨浦区嫩江路1111号(近中原路),74,1,http://api.map.baidu.com/place/detail?uid=d4034eb3b18ceaf7c0364421&output=html&source=placeapi_v2,,,31.320734510933,121.54188434467,民星公园,4,,d4034eb3b18ceaf7c0364421,旅游景点;公园,,scope,d4034eb3b18ceaf7c0364421
0,徐汇区桂果路601号(近宜山路),66,1,http://api.map.baidu.com/place/detail?uid=d5f93c0e22026f5deddfcad9&output=html&source=placeapi_v2,,,31.174979478225,121.40751911675,漕河泾开发区公园,3.2,,d5f93c0e22026f5deddfcad9,旅游景点;公园,,scope,d5f93c0e22026f5deddfcad9
0,上海市宝山区淞发路528号临,39,1,http://api.map.baidu.com/place/detail?uid=8fde79ccaa5275be95ca077c&output=html&source=placeapi_v2,,,31.347257576537,121.49189203148,淞南公园,3.8,,8fde79ccaa5275be95ca077c,旅游景点;公园,(021)56142836,scope,8fde79ccaa5275be95ca077c
0,上海市青浦区金商公路588号近大观园,26,1,http://api.map.baidu.com/place/detail?uid=9817a676649a0308fea778c5&output=html&source=placeapi_v2,,,31.073830573887,120.92025694345,上海美帆游艇俱乐部,4.3,,9817a676649a0308fea778c5,运动健身;体育场馆,(021)59262888,scope,9817a676649a0308fea778c5
0,闵行区江川路354号(近红园路),104,1,http://api.map.baidu.com/place/detail?uid=e59477690ced349a8a36ee5d&output=html&source=placeapi_v2,,,31.009322879875,121.42250609284,红园,4,,e59477690ced349a8a36ee5d,旅游景点;公园,,scope,e59477690ced349a8a36ee5d
0,崇明区其他北沿公路2018号(近森林公园东侧800米),366,1,http://api.map.baidu.com/place/detail?uid=d9a2cf353fee2539fbdc850e&output=html&source=placeapi_v2,,,31.677939946208,121.501702,紫海鹭缘浪漫爱情主题公园,3.7,,d9a2cf353fee2539fbdc850e,旅游景点;公园,,scope,d9a2cf353fee2539fbdc850e
0,梅园路226号,1,1,http://api.map.baidu.com/place/detail?uid=08a482f79b33b2478715412e&output=html&source=placeapi_v2,,,31.38930474319,121.24897445093,儿童公园,3.5,,08a482f79b33b2478715412e,旅游景点;公园,,scope,08a482f79b33b2478715412e
0,上海市普陀区澳门路128-158号纺博大厦3层,77,1,http://api.map.baidu.com/place/detail?uid=c61bd30576fb086ac27da2ff&output=html&source=placeapi_v2,,,31.252801698626,121.45253984523,上海纺织博物馆,4.4,,c61bd30576fb086ac27da2ff,旅游景点;博物馆,,scope,c61bd30576fb086ac27da2ff
0,环湖西一路,1,1,http://api.map.baidu.com/place/detail?uid=e8d3909fbb3118b7e812e485&output=html&source=placeapi_v2,,,30.903651,121.936564,滴水湖西岛,5,,,旅游景点;风景区,,scope,e8d3909fbb3118b7e812e485
0,朱枫路连接线附近,1,1,http://api.map.baidu.com/place/detail?uid=44f137c4891e487bf503b83d&output=html&source=placeapi_v2,,,31.020453,121.056684,九州仙境,5,,44f137c4891e487bf503b83d,旅游景点;风景区,,scope,44f137c4891e487bf503b83d
0,上海市浦东新区上海科技馆,1,1,http://api.map.baidu.com/place/detail?uid=ca9c4d7e35f514188bb988b5&output=html&source=placeapi_v2,,,31.223591019581,121.54957488906,上海科技馆停车场-出口,,,ca9c4d7e35f514188bb988b5,出入口;其他,,scope,ca9c4d7e35f514188bb988b5
0,徐汇区南丹路17号(近汇站路),252,1,http://api.map.baidu.com/place/detail?uid=dbf4d6ee0ce38c2b6fa3ccd9&output=html&source=placeapi_v2,,,31.195411704343,121.44132821453,光启公园,4.3,,dbf4d6ee0ce38c2b6fa3ccd9,旅游景点;公园,,scope,dbf4d6ee0ce38c2b6fa3ccd9
0,上海市浦东新区浦电路449号(近竹林路),1,1,http://api.map.baidu.com/place/detail?uid=39d43f82b4800987a8059d4d&output=html&source=placeapi_v2,,,31.228607899403,121.54117418296,福音堂,4,,39d43f82b4800987a8059d4d,旅游景点;教堂,,scope,39d43f82b4800987a8059d4d
0,华泾路190号(近龙吴路),39,1,http://api.map.baidu.com/place/detail?uid=44207646d9b86568deee8b41&output=html&source=placeapi_v2,,,31.125967393328,121.45993289957,徐汇区华泾公园,3.9,,44207646d9b86568deee8b41,旅游景点;公园,(021)64969992,scope,44207646d9b86568deee8b41
0,上海市青浦区华新镇华富街666号（近新府北路）,23,1,http://api.map.baidu.com/place/detail?uid=f15e19e4b5682c38246e98b9&output=html&source=placeapi_v2,,,31.247320859878,121.2353624473,华新人民公园,3.2,,f15e19e4b5682c38246e98b9,旅游景点;公园,(021)59797227,scope,f15e19e4b5682c38246e98b9
0,川沙镇黄赵路310号上海迪士尼乐园,2,1,http://api.map.baidu.com/place/detail?uid=932b79471cc936312fe67b9f&output=html&source=placeapi_v2,,,31.148015,121.668042,米奇大街,5,,932b79471cc936312fe67b9f,旅游景点;游乐园,,scope,932b79471cc936312fe67b9f
0,南东街8-202号附近,27,1,http://api.map.baidu.com/place/detail?uid=005861086684d2a446e2740f&output=html&source=placeapi_v2,,,31.158646826149,121.36417341094,南七宝寺,3.4,,005861086684d2a446e2740f,旅游景点;文物古迹,,scope,005861086684d2a446e2740f
